Date,Open,High,Low,Close,Volume,quote_av,trades,tb_quote_av
2023-01-23 03:00:00,2.59,2.59,2.471,2.529,938418.3,2378171.5677,10535.0,951471.8369
2023-01-23 03:15:00,2.529,2.54,2.387,2.44,859738.5,2102955.2589,9284.0,1053547.326
2023-01-23 03:30:00,2.441,2.445,2.361,2.397,490617.8,1174835.7199,5748.0,512616.2449
2023-01-23 03:45:00,2.397,2.432,2.37,2.4,219610.5,526878.679,2797.0,247405.8869
2023-01-23 04:00:00,2.404,2.47,2.399,2.464,180799.6,439511.6016,2747.0,252917.282
2023-01-23 04:15:00,2.466,2.49,2.412,2.416,439351.0,1075379.2247,6633.0,407247.477
2023-01-23 04:30:00,2.416,2.512,2.401,2.51,480760.3,1177291.328,6371.0,530912.929
2023-01-23 04:45:00,2.511,2.622,2.492,2.584,1669352.0,4268847.0931,19539.0,1765393.257
2023-01-23 05:00:00,2.584,2.78,2.583,2.724,1786378.4,4801660.7811,19696.0,2324051.5934
2023-01-23 05:15:00,2.728,2.81,2.678,2.79,1792432.0,4948210.5179,19990.0,2303966.837
2023-01-23 05:30:00,2.79,2.862,2.69,2.744,2087627.5,5805038.417,21880.0,2656962.5157
2023-01-23 05:45:00,2.744,2.82,2.705,2.804,1000922.0,2768279.4747,10678.0,1236664.431
2023-01-23 06:00:00,2.803,2.838,2.733,2.755,1015968.0,2829021.6608,10889.0,1163155.5706
2023-01-23 06:15:00,2.753,2.774,2.621,2.727,1385485.4,3732282.7082,14461.0,1567006.954
2023-01-23 06:30:00,2.73,2.736,2.634,2.677,791273.9,2116415.7246,8837.0,881482.2842
2023-01-23 06:45:00,2.677,2.71,2.64,2.685,571693.7,1530958.3692,6626.0,726966.4958
2023-01-23 07:00:00,2.683,2.738,2.682,2.705,540940.3,1466752.7516,5342.0,758450.2398
2023-01-23 07:15:00,2.705,2.718,2.652,2.665,494651.8,1328275.4264,7690.0,555257.3725
2023-01-23 07:30:00,2.668,2.7,2.61,2.665,583216.1,1548279.7348,8655.0,628321.087
2023-01-23 07:45:00,2.665,2.673,2.595,2.64,574930.6,1512130.63,8486.0,578893.944
2023-01-23 08:00:00,2.64,2.745,2.64,2.716,1254488.4,3384453.8902,16100.0,1607102.6792
2023-01-23 08:15:00,2.717,2.748,2.67,2.698,569688.6,1546722.4857,8199.0,718267.9615
2023-01-23 08:30:00,2.695,2.717,2.66,2.702,444232.8,1192305.7193,5879.0,559572.8685
2023-01-23 08:45:00,2.702,2.71,2.581,2.591,818426.9,2159890.1434,9772.0,722777.1015
2023-01-23 09:00:00,2.591,2.664,2.591,2.655,344238.4,907714.3506,4480.0,572290.6368
2023-01-23 09:15:00,2.655,2.697,2.649,2.652,404304.5,1080555.1535,5011.0,516120.4505
2023-01-23 09:30:00,2.653,2.694,2.639,2.68,318967.3,850364.3881,3917.0,421248.2049
2023-01-23 09:45:00,2.679,2.733,2.673,2.697,465030.4,1257227.0496,6712.0,563186.4264
2023-01-23 10:00:00,2.697,2.768,2.69,2.717,669017.0,1827597.4282,9825.0,989853.772
2023-01-23 10:15:00,2.716,2.716,2.651,2.685,436439.2,1170844.6169,6783.0,484797.1351
2023-01-23 10:30:00,2.686,2.726,2.67,2.722,215911.3,583150.7386,3307.0,313008.0792
2023-01-23 10:45:00,2.724,2.802,2.705,2.794,721343.7,1985610.7744,9679.0,966891.5045
2023-01-23 11:00:00,2.794,2.82,2.732,2.753,782563.9,2176102.077,10549.0,966983.2348
2023-01-23 11:15:00,2.753,2.777,2.719,2.728,337759.1,927251.6051,4938.0,398213.2771
2023-01-23 11:30:00,2.731,2.757,2.68,2.737,506326.1,1375470.1826,6053.0,644206.1346
2023-01-23 11:45:00,2.738,2.877,2.721,2.838,1449767.5,4089749.4894,16342.0,1838065.9242
2023-01-23 12:00:00,2.839,2.95,2.83,2.921,3198003.6,9317924.5269,36892.0,4454264.4343
2023-01-23 12:15:00,2.922,2.98,2.885,2.979,2360991.3,6940576.6579,24464.0,3538490.1408
2023-01-23 12:30:00,2.979,3.063,2.961,3.014,4400408.6,13217398.5996,41954.0,6637593.2972
2023-01-23 12:45:00,3.014,3.028,2.852,2.903,3864630.5,11298251.5623,37982.0,4984959.7031
2023-01-23 13:00:00,2.905,2.951,2.85,2.937,2007203.0,5821783.7313,23196.0,2719223.365
2023-01-23 13:15:00,2.936,2.958,2.821,2.848,1844106.6,5329080.2868,23498.0,2306148.0865
2023-01-23 13:30:00,2.848,2.873,2.813,2.846,1284696.0,3645916.9646,16678.0,1745290.6508
2023-01-23 13:45:00,2.846,2.857,2.746,2.83,2253050.9,6307830.0989,26196.0,2758671.735
2023-01-23 14:00:00,2.826,2.838,2.739,2.764,1589061.7,4447117.5466,18014.0,1861002.0151
2023-01-23 14:15:00,2.767,2.777,2.692,2.75,2173529.4,5936210.8987,23337.0,2685654.7087
2023-01-23 14:30:00,2.752,2.809,2.708,2.796,1181843.4,3257165.6492,14918.0,1684471.4043
2023-01-23 14:45:00,2.796,2.807,2.57,2.619,2882328.1,7758169.0496,29815.0,3024670.8121
2023-01-23 15:00:00,2.614,2.717,2.584,2.692,2034394.6,5407803.4292,23558.0,2745388.4204
2023-01-23 15:15:00,2.694,2.711,2.64,2.695,987601.8,2649200.6936,13856.0,1190253.9156
2023-01-23 15:30:00,2.693,2.724,2.65,2.699,716147.5,1927780.405,10362.0,987269.146
2023-01-23 15:45:00,2.698,2.73,2.674,2.684,595678.9,1610345.2496,9041.0,762458.2352
2023-01-23 16:00:00,2.686,2.785,2.681,2.747,1051370.1,2882661.6143,12729.0,1432618.4598
2023-01-23 16:15:00,2.747,2.797,2.691,2.715,906333.4,2492624.2106,10292.0,1054282.7009
2023-01-23 16:30:00,2.714,2.766,2.701,2.757,426454.8,1164486.7903,5346.0,571297.8023
2023-01-23 16:45:00,2.756,2.769,2.73,2.754,334664.5,920314.4286,4984.0,390715.9916
2023-01-23 17:00:00,2.754,2.789,2.731,2.755,507241.7,1402483.1022,7554.0,642737.1927
2023-01-23 17:15:00,2.757,2.759,2.682,2.716,417601.9,1136966.5105,6331.0,484714.5203
2023-01-23 17:30:00,2.715,2.718,2.63,2.696,921679.3,2465233.6151,12496.0,1162296.7547
2023-01-23 17:45:00,2.697,2.722,2.65,2.718,531484.3,1428332.9359,7682.0,699230.0983
2023-01-23 18:00:00,2.718,2.75,2.691,2.735,424152.3,1153581.2699,6418.0,533541.1086
2023-01-23 18:15:00,2.735,2.744,2.679,2.696,298321.8,808423.1166,4622.0,287721.675
2023-01-23 18:30:00,2.695,2.701,2.658,2.664,216634.0,581561.3262,3856.0,220422.5323
2023-01-23 18:45:00,2.665,2.696,2.635,2.643,223145.0,594814.0778,3893.0,253348.9704
2023-01-23 19:00:00,2.644,2.664,2.6,2.654,603436.0,1588125.5861,7927.0,672230.532
2023-01-23 19:15:00,2.657,2.659,2.601,2.637,239532.2,629263.5002,4117.0,281706.4662
2023-01-23 19:30:00,2.638,2.673,2.619,2.653,345821.9,915639.7313,4972.0,470432.0231
2023-01-23 19:45:00,2.657,2.658,2.626,2.658,146310.0,386741.8529,2946.0,146495.2204
2023-01-23 20:00:00,2.658,2.715,2.65,2.697,318601.5,854563.7142,4434.0,460234.3139
2023-01-23 20:15:00,2.697,2.758,2.68,2.707,511005.3,1392823.6381,8897.0,660606.1374
2023-01-23 20:30:00,2.707,2.707,2.67,2.679,216851.8,581896.6938,3457.0,245177.5976
2023-01-23 20:45:00,2.679,2.744,2.676,2.732,289296.0,786655.4909,4557.0,420647.2194
2023-01-23 21:00:00,2.732,2.744,2.704,2.711,175979.2,480080.1582,3489.0,211209.71
2023-01-23 21:15:00,2.714,2.769,2.708,2.766,257357.6,704172.696,4681.0,368517.162
2023-01-23 21:30:00,2.766,2.774,2.7,2.716,322227.4,878556.8053,5859.0,389215.7438
2023-01-23 21:45:00,2.715,2.739,2.71,2.725,133934.7,364926.6387,2571.0,197222.8227
2023-01-23 22:00:00,2.726,2.731,2.7,2.71,136592.0,370709.1171,2291.0,146610.3488
2023-01-23 22:15:00,2.71,2.757,2.707,2.72,168642.2,460689.8723,2974.0,243227.4507
2023-01-23 22:30:00,2.724,2.752,2.713,2.715,169939.2,464127.3282,2929.0,211490.2296
2023-01-23 22:45:00,2.716,2.723,2.7,2.711,107578.1,291643.9228,1691.0,141946.5775
2023-01-23 23:00:00,2.711,2.713,2.681,2.692,170401.6,458434.7924,2465.0,176876.1541
2023-01-23 23:15:00,2.691,2.764,2.68,2.764,226189.4,615552.1985,3384.0,354520.3205
2023-01-23 23:30:00,2.763,2.897,2.76,2.855,1192643.2,3379498.1868,13934.0,1632133.5086
2023-01-23 23:45:00,2.856,2.856,2.777,2.804,675885.7,1902802.6553,10538.0,824543.9407
2023-01-24 00:00:00,2.802,2.948,2.8,2.925,2028368.7,5904451.062,27105.0,2999438.435
2023-01-24 00:15:00,2.927,2.99,2.901,2.97,1417113.9,4176245.8172,20144.0,2208861.4726
2023-01-24 00:30:00,2.97,3.085,2.963,3.041,2669652.3,8058135.5391,32390.0,4023872.9288
2023-01-24 00:45:00,3.041,3.061,2.954,2.994,1644854.6,4932644.608,22347.0,2306866.4274
2023-01-24 01:00:00,2.997,3.2,2.988,3.154,3216503.7,10047975.8428,37595.0,5333792.9584
2023-01-24 01:15:00,3.155,3.275,3.132,3.249,3349306.5,10757591.1477,34925.0,5649772.2733
2023-01-24 01:30:00,3.25,3.286,3.134,3.187,2849040.2,9132276.1985,36161.0,4201386.6971
2023-01-24 01:45:00,3.186,3.19,3.049,3.093,2637050.3,8219302.4253,30233.0,3889839.1076
2023-01-24 02:00:00,3.093,3.179,3.073,3.153,1633601.6,5118369.2339,19922.0,2576695.0961
2023-01-24 02:15:00,3.153,3.19,3.082,3.111,1179809.2,3712078.3,15417.0,1655699.7848
2023-01-24 02:30:00,3.111,3.12,3.01,3.037,1958616.7,5973457.0898,24394.0,2613687.9752
2023-01-24 02:45:00,3.036,3.095,3.03,3.064,920063.2,2822199.8,11596.0,1526047.8317
2023-01-24 03:00:00,3.064,3.228,3.016,3.177,2200539.7,6855026.2175,27021.0,3425471.3691
2023-01-24 03:15:00,3.175,3.217,3.116,3.134,1602193.0,5066226.4994,22133.0,2215582.5419
2023-01-24 03:30:00,3.132,3.15,3.023,3.069,1810520.5,5586405.7352,22271.0,2712766.1304
2023-01-24 03:45:00,3.071,3.077,3.012,3.051,1092854.1,3333251.3753,14855.0,1519854.0054
2023-01-24 04:00:00,3.051,3.1,3.033,3.069,998534.8,3057056.3931,10289.0,1526930.8976
2023-01-24 04:15:00,3.069,3.128,3.04,3.063,969660.3,2991601.0309,12363.0,1402101.9571
2023-01-24 04:30:00,3.063,3.119,3.037,3.094,786243.9,2413708.3931,10373.0,1237676.4454
2023-01-24 04:45:00,3.092,3.15,3.062,3.074,806610.1,2500760.3236,11828.0,1222494.6093
2023-01-24 05:00:00,3.072,3.129,3.069,3.094,814397.5,2528768.9995,11389.0,1276839.124
2023-01-24 05:15:00,3.094,3.131,3.073,3.116,671274.9,2081959.6116,11130.0,1031027.2392
2023-01-24 05:30:00,3.116,3.177,3.094,3.123,1273346.9,3989356.2165,16231.0,1801429.0886
2023-01-24 05:45:00,3.121,3.123,3.028,3.063,1377570.1,4216437.1171,17169.0,1755383.7709
2023-01-24 06:00:00,3.065,3.099,3.022,3.047,1069621.1,3266351.9755,11686.0,1430312.5323
2023-01-24 06:15:00,3.047,3.077,3.025,3.073,508437.7,1551606.6275,7462.0,747979.8557
2023-01-24 06:30:00,3.073,3.105,3.057,3.094,471543.8,1450575.4949,7586.0,735255.5264
2023-01-24 06:45:00,3.092,3.116,3.045,3.06,908794.4,2803888.8247,14119.0,1167900.9541
2023-01-24 07:00:00,3.059,3.1,3.057,3.084,442385.0,1363260.925,8714.0,691784.8452
2023-01-24 07:15:00,3.084,3.13,3.063,3.087,781041.8,2419762.6537,13477.0,1157475.7862
2023-01-24 07:30:00,3.087,3.114,3.05,3.078,682119.9,2103889.3284,8725.0,1005450.5954
2023-01-24 07:45:00,3.078,3.092,3.024,3.039,919792.8,2800671.7837,11510.0,1119455.6287
2023-01-24 08:00:00,3.04,3.09,3.011,3.084,1163437.7,3553141.7943,13064.0,1610166.0617
2023-01-24 08:15:00,3.083,3.126,3.073,3.088,1186384.4,3682953.1247,19271.0,1856389.9773
2023-01-24 08:30:00,3.088,3.11,3.041,3.069,904072.9,2775823.3725,14587.0,1213155.86
2023-01-24 08:45:00,3.069,3.088,3.056,3.071,314820.2,966440.4076,4916.0,504577.2877
2023-01-24 09:00:00,3.071,3.076,2.85,2.943,4315281.4,12667392.2478,47628.0,5095248.1507
2023-01-24 09:15:00,2.942,2.952,2.89,2.905,1559904.9,4563065.0146,20148.0,2007312.2874
2023-01-24 09:30:00,2.905,2.94,2.862,2.903,1300219.0,3776129.0586,18738.0,1649476.708
2023-01-24 09:45:00,2.901,2.926,2.862,2.902,850404.6,2468736.5937,10654.0,1050150.5615
2023-01-24 10:00:00,2.902,2.939,2.901,2.928,609289.3,1778088.1852,7956.0,863445.4465
2023-01-24 10:15:00,2.928,2.931,2.89,2.913,505110.1,1468838.8952,7023.0,667032.4779
2023-01-24 10:30:00,2.913,2.934,2.908,2.925,339294.1,990824.3014,4498.0,490256.0768
2023-01-24 10:45:00,2.923,2.925,2.798,2.852,1726767.2,4916769.1658,19898.0,1804607.7637
2023-01-24 11:00:00,2.854,2.885,2.837,2.867,899209.7,2574687.9788,12052.0,1216272.3447
2023-01-24 11:15:00,2.867,2.874,2.811,2.854,798882.5,2272816.0316,9947.0,1031320.503
2023-01-24 11:30:00,2.854,2.883,2.835,2.838,480690.1,1376423.6194,5325.0,643855.8007
2023-01-24 11:45:00,2.838,2.844,2.732,2.789,2350992.4,6519387.1338,26106.0,2740563.7258
2023-01-24 12:00:00,2.789,2.8,2.718,2.756,1132976.2,3123940.6509,12349.0,1420901.4914
2023-01-24 12:15:00,2.759,2.85,2.751,2.841,1044939.1,2929101.969,10139.0,1626896.5326
2023-01-24 12:30:00,2.842,2.85,2.803,2.836,732950.2,2070430.6301,7669.0,964441.5937
2023-01-24 12:45:00,2.838,2.838,2.781,2.81,540180.1,1517334.5952,6485.0,649237.9358
2023-01-24 13:00:00,2.809,2.847,2.809,2.829,408750.5,1157711.2767,4939.0,614094.5752
2023-01-24 13:15:00,2.828,2.853,2.823,2.85,325649.3,924620.4918,3980.0,480711.5175
2023-01-24 13:30:00,2.85,2.851,2.766,2.784,805420.4,2255344.7719,10235.0,953909.2176
2023-01-24 13:45:00,2.783,2.803,2.755,2.783,505887.8,1406837.5206,5682.0,578190.7392
2023-01-24 14:00:00,2.783,2.839,2.783,2.828,455970.2,1285651.4821,5027.0,687451.3525
2023-01-24 14:15:00,2.83,2.838,2.791,2.796,258458.8,728118.0194,2631.0,297774.9642
2023-01-24 14:30:00,2.797,2.823,2.757,2.787,500575.3,1397595.6378,6228.0,624914.1876
2023-01-24 14:45:00,2.79,2.801,2.7,2.721,1176997.6,3238315.8252,12883.0,1325133.4397
2023-01-24 15:00:00,2.722,2.763,2.683,2.727,1051478.9,2867155.5799,12755.0,1306173.7992
2023-01-24 15:15:00,2.725,2.778,2.715,2.773,575358.8,1580427.3331,5901.0,854602.1421
2023-01-24 15:30:00,2.773,2.798,2.763,2.779,512090.0,1423200.4574,4761.0,620005.4413
2023-01-24 15:45:00,2.779,2.796,2.761,2.782,400564.7,1113472.7122,4491.0,520764.5065
2023-01-24 16:00:00,2.784,2.784,2.738,2.739,352960.1,973119.3343,3993.0,415031.36
2023-01-24 16:15:00,2.738,2.766,2.726,2.763,301727.8,827606.2647,3402.0,446736.7261
2023-01-24 16:30:00,2.761,2.765,2.73,2.76,254173.4,698935.3456,2835.0,333257.4462
2023-01-24 16:45:00,2.762,2.776,2.656,2.668,965328.0,2606355.3364,10872.0,846612.9968
2023-01-24 17:00:00,2.668,2.707,2.612,2.688,1710410.7,4542118.3262,15702.0,2010263.6516
2023-01-24 17:15:00,2.689,2.717,2.665,2.688,433504.0,1167049.357,4299.0,598039.5713
2023-01-24 17:30:00,2.688,2.731,2.657,2.722,473455.4,1277447.3107,4874.0,731213.479
2023-01-24 17:45:00,2.721,2.73,2.686,2.708,335183.9,907305.6032,3571.0,429051.7316
2023-01-24 18:00:00,2.708,2.708,2.682,2.694,160271.9,431546.5607,1775.0,219561.4951
2023-01-24 18:15:00,2.694,2.739,2.662,2.726,455090.7,1233468.4206,4785.0,681595.9573
2023-01-24 18:30:00,2.725,2.768,2.704,2.744,362312.4,991343.852,4485.0,574966.5446
2023-01-24 18:45:00,2.744,2.757,2.724,2.741,203528.6,557629.2975,2694.0,262631.8574
2023-01-24 19:00:00,2.738,2.767,2.72,2.76,192354.9,527150.4506,2284.0,278946.4974
2023-01-24 19:15:00,2.759,2.778,2.732,2.771,327161.4,901680.8611,3925.0,458455.5048
2023-01-24 19:30:00,2.771,2.773,2.737,2.76,245893.6,677610.5222,2845.0,361807.6815
2023-01-24 19:45:00,2.762,2.766,2.734,2.743,166002.6,455954.8073,2286.0,173214.2783
2023-01-24 20:00:00,2.745,2.748,2.706,2.711,155356.9,423750.7338,1722.0,144566.5346
2023-01-24 20:15:00,2.709,2.717,2.66,2.688,340607.6,914330.0637,4371.0,353968.683
2023-01-24 20:30:00,2.689,2.695,2.64,2.645,288285.0,769452.4234,3174.0,262615.8012
2023-01-24 20:45:00,2.645,2.717,2.645,2.698,290180.4,780122.0313,3408.0,452321.2687
2023-01-24 21:00:00,2.698,2.713,2.672,2.675,207462.3,559562.6575,2596.0,224784.4709
2023-01-24 21:15:00,2.675,2.688,2.666,2.671,88235.2,236161.8785,1236.0,90488.872
2023-01-24 21:30:00,2.671,2.672,2.522,2.538,1807130.6,4665904.7211,20150.0,1464534.7576
2023-01-24 21:45:00,2.538,2.562,2.459,2.499,2235767.2,5615481.3619,21641.0,2240228.7161
2023-01-24 22:00:00,2.499,2.549,2.41,2.437,1997763.9,4935936.3406,20249.0,2074316.1482
2023-01-24 22:15:00,2.437,2.518,2.411,2.415,1170868.6,2890526.9457,10570.0,1336715.7382
2023-01-24 22:30:00,2.414,2.55,2.409,2.538,1122237.8,2797552.1956,13147.0,1657444.6566
2023-01-24 22:45:00,2.538,2.545,2.486,2.519,671301.8,1688408.868,7665.0,794862.4321
2023-01-24 23:00:00,2.517,2.519,2.47,2.485,751991.5,1875165.1004,6608.0,921461.8272
2023-01-24 23:15:00,2.485,2.522,2.425,2.518,1112215.0,2744583.5825,10866.0,1387161.1017
2023-01-24 23:30:00,2.519,2.538,2.45,2.464,650224.4,1615969.9947,7772.0,756145.0518
2023-01-24 23:45:00,2.465,2.556,2.456,2.532,836122.2,2108983.5889,9222.0,1186987.7594
2023-01-25 00:00:00,2.533,2.535,2.472,2.522,842268.8,2109246.8283,9039.0,1061382.5534
2023-01-25 00:15:00,2.522,2.524,2.35,2.439,2518176.5,6072041.9354,26813.0,2450983.0743
2023-01-25 00:30:00,2.439,2.526,2.432,2.521,986569.1,2454058.1577,10769.0,1427965.0675
2023-01-25 00:45:00,2.521,2.533,2.503,2.51,576287.1,1452184.1968,6130.0,706787.3885
2023-01-25 01:00:00,2.513,2.591,2.45,2.569,1211364.1,3042448.885,14120.0,1507497.6701
2023-01-25 01:15:00,2.569,2.611,2.514,2.6,1431344.4,3674305.4611,15828.0,1732144.8385
2023-01-25 01:30:00,2.6,2.655,2.574,2.59,1710241.7,4482246.1187,18430.0,2145708.2403
2023-01-25 01:45:00,2.591,2.649,2.55,2.621,704653.6,1836334.4872,7828.0,826366.5999
2023-01-25 02:00:00,2.622,2.626,2.567,2.618,723695.4,1881729.7279,7874.0,866839.5064
2023-01-25 02:15:00,2.618,2.635,2.599,2.621,388692.3,1017803.0707,4498.0,486740.3901
2023-01-25 02:30:00,2.622,2.622,2.576,2.6,514324.4,1336448.214,5389.0,608009.4764
2023-01-25 02:45:00,2.6,2.609,2.567,2.59,375774.0,973114.5455,3189.0,390352.9367
2023-01-25 03:00:00,2.591,2.615,2.563,2.609,305140.5,788865.9397,3145.0,381255.0287
2023-01-25 03:15:00,2.609,2.617,2.579,2.582,223397.0,580748.5655,2786.0,208187.5482
2023-01-25 03:30:00,2.581,2.587,2.554,2.554,306662.9,788228.8678,3660.0,297060.1573
2023-01-25 03:45:00,2.557,2.582,2.546,2.566,277029.5,710044.0278,2872.0,345212.8051
2023-01-25 04:00:00,2.564,2.596,2.56,2.583,441796.0,1137961.7347,6298.0,586525.0201
2023-01-25 04:15:00,2.581,2.586,2.518,2.529,497795.4,1268487.1116,5858.0,415120.0296
2023-01-25 04:30:00,2.531,2.548,2.467,2.528,1010325.1,2535836.928,9914.0,1105989.3221
2023-01-25 04:45:00,2.528,2.589,2.528,2.547,566056.3,1445841.9571,5484.0,751574.3658
2023-01-25 05:00:00,2.549,2.6,2.547,2.591,481498.0,1238174.5393,4262.0,682025.108
2023-01-25 05:15:00,2.59,2.637,2.581,2.623,544690.2,1421103.3953,5208.0,758755.9452
2023-01-25 05:30:00,2.625,2.627,2.574,2.609,441419.1,1147898.4284,4924.0,552884.9017
2023-01-25 05:45:00,2.609,2.622,2.583,2.589,338905.4,881328.9969,3712.0,361367.8736
2023-01-25 06:00:00,2.589,2.617,2.575,2.61,285776.4,741681.9878,3054.0,386362.1589
2023-01-25 06:15:00,2.609,2.686,2.609,2.662,807942.0,2144989.5441,8080.0,1181132.8668
2023-01-25 06:30:00,2.665,2.699,2.648,2.695,731118.4,1957768.4323,7528.0,977100.2207
2023-01-25 06:45:00,2.696,2.698,2.634,2.653,515501.1,1370843.1282,6013.0,551499.584
2023-01-25 07:00:00,2.654,2.698,2.637,2.688,445067.3,1185616.0713,4809.0,667776.2827
2023-01-25 07:15:00,2.686,2.77,2.675,2.745,961383.5,2622485.1981,10211.0,1482864.0257
2023-01-25 07:30:00,2.745,2.745,2.681,2.7,621716.0,1686456.7405,7268.0,774840.6738
2023-01-25 07:45:00,2.701,2.738,2.682,2.688,700864.0,1899756.6191,8615.0,859797.0601
2023-01-25 08:00:00,2.688,2.699,2.666,2.674,398477.7,1067943.5253,3704.0,425349.9743
2023-01-25 08:15:00,2.675,2.678,2.65,2.669,438017.3,1165241.2256,4371.0,474887.6276
2023-01-25 08:30:00,2.669,2.699,2.667,2.689,353314.5,949137.4856,3358.0,462860.9037
2023-01-25 08:45:00,2.69,2.739,2.675,2.679,565839.4,1531141.715,7078.0,718275.7914
2023-01-25 09:00:00,2.679,2.685,2.6,2.617,886252.2,2340736.4338,10160.0,911158.6452
2023-01-25 09:15:00,2.618,2.645,2.581,2.591,727234.2,1895145.3969,7317.0,841532.4375
2023-01-25 09:30:00,2.591,2.658,2.591,2.65,492353.8,1296131.997,4734.0,701333.2833
2023-01-25 09:45:00,2.65,2.664,2.62,2.622,521007.3,1376208.0218,4555.0,592524.9318
2023-01-25 10:00:00,2.622,2.661,2.608,2.614,337652.2,891336.9754,3369.0,425352.1705
2023-01-25 10:15:00,2.615,2.647,2.578,2.64,688986.8,1801220.8686,6391.0,699169.3544
2023-01-25 10:30:00,2.639,2.66,2.63,2.636,229795.2,607832.5628,2335.0,315630.7672
2023-01-25 10:45:00,2.635,2.668,2.63,2.664,228289.6,604084.3509,2552.0,324256.1973
2023-01-25 11:00:00,2.664,2.668,2.609,2.636,457125.0,1207323.2724,4170.0,550539.2736
2023-01-25 11:15:00,2.636,2.66,2.625,2.64,209781.6,554945.9072,2559.0,300466.1032
2023-01-25 11:30:00,2.64,2.648,2.605,2.617,366232.7,960391.8559,4312.0,413673.4212
2023-01-25 11:45:00,2.616,2.644,2.615,2.63,292970.3,770330.6591,3031.0,431977.2816
2023-01-25 12:00:00,2.63,2.815,2.614,2.805,1409467.4,3827885.8445,14352.0,2168193.7473
2023-01-25 12:15:00,2.808,2.929,2.755,2.894,3136233.2,8925990.7811,30448.0,4265529.8996
2023-01-25 12:30:00,2.893,2.956,2.8,2.899,2356070.3,6796697.3355,23932.0,3196122.7236
2023-01-25 12:45:00,2.897,2.955,2.85,2.955,1468388.0,4256387.7117,15020.0,2240108.9737
2023-01-25 13:00:00,2.954,2.96,2.862,2.901,1390432.8,4032442.754,13780.0,1877951.4414
2023-01-25 13:15:00,2.901,2.98,2.888,2.952,1515705.1,4461167.7313,16621.0,2268819.1177
2023-01-25 13:30:00,2.955,3.084,2.953,3.001,2981048.9,9008342.3397,28330.0,4424479.7048
2023-01-25 13:45:00,3.001,3.017,2.85,2.876,2496768.5,7311894.2563,24905.0,3264222.6777
2023-01-25 14:00:00,2.876,2.89,2.77,2.808,2804028.5,7884010.9679,27333.0,3567042.8808
2023-01-25 14:15:00,2.808,2.869,2.789,2.816,1295152.1,3667758.2696,13977.0,1781703.9504
2023-01-25 14:30:00,2.816,2.819,2.693,2.752,2334148.6,6426241.9601,21994.0,2629656.926
2023-01-25 14:45:00,2.75,2.787,2.698,2.698,1175573.1,3231624.4125,10968.0,1529213.0267
2023-01-25 15:00:00,2.7,2.743,2.62,2.702,2225465.6,5965177.4261,21466.0,2672975.4351
2023-01-25 15:15:00,2.703,2.737,2.653,2.734,1232002.4,3329447.5072,12725.0,1688444.8479
2023-01-25 15:30:00,2.734,2.759,2.654,2.658,1498177.9,4058260.1027,15007.0,1603353.5206
2023-01-25 15:45:00,2.661,2.728,2.654,2.719,1156819.0,3114425.9415,10053.0,1689448.6303
2023-01-25 16:00:00,2.716,2.799,2.715,2.771,1229417.4,3382045.7949,12120.0,1732825.6124
2023-01-25 16:15:00,2.771,2.888,2.758,2.823,1992000.0,5629940.9508,19660.0,2663590.4689
2023-01-25 16:30:00,2.822,2.834,2.769,2.794,817581.3,2292536.4744,8736.0,947974.1367
2023-01-25 16:45:00,2.795,2.872,2.79,2.832,763088.3,2160397.033,8561.0,1035656.1877
2023-01-25 17:00:00,2.83,2.847,2.779,2.804,625590.9,1757764.4953,7703.0,788648.5121
2023-01-25 17:15:00,2.803,2.821,2.723,2.738,798627.7,2210192.5123,8718.0,771000.4117
2023-01-25 17:30:00,2.739,2.824,2.731,2.808,519338.8,1444165.4638,5653.0,782096.4944
2023-01-25 17:45:00,2.808,2.85,2.779,2.784,577840.7,1627978.5711,7489.0,699841.9053
2023-01-25 18:00:00,2.786,2.841,2.786,2.83,315824.8,890213.6331,3953.0,460336.1227
2023-01-25 18:15:00,2.829,2.833,2.729,2.755,724801.3,2012658.8398,8877.0,863010.553
2023-01-25 18:30:00,2.755,2.77,2.691,2.729,733067.9,2002167.524,7349.0,850584.5106
2023-01-25 18:45:00,2.73,2.826,2.713,2.824,730678.1,2026537.4983,8109.0,945661.8705
2023-01-25 19:00:00,2.824,2.863,2.778,2.799,633616.2,1788521.7979,8200.0,803957.754
2023-01-25 19:15:00,2.799,2.82,2.771,2.784,312095.4,871009.1593,4393.0,427532.8812
2023-01-25 19:30:00,2.784,2.81,2.783,2.807,181579.0,507979.6749,2416.0,228968.4243
2023-01-25 19:45:00,2.808,2.942,2.806,2.924,999977.9,2890931.3981,12690.0,1721129.3557
2023-01-25 20:00:00,2.922,2.99,2.92,2.929,1148803.3,3395447.268,14269.0,1657850.9699
2023-01-25 20:15:00,2.931,2.984,2.885,2.981,801562.0,2337200.417,9522.0,1101213.9441
2023-01-25 20:30:00,2.981,3.1,2.96,3.066,2387711.8,7232666.1067,25988.0,3698377.0919
2023-01-25 20:45:00,3.066,3.172,2.988,3.15,1986382.2,6113371.8637,24667.0,3098968.6048
2023-01-25 21:00:00,3.15,3.18,3.044,3.128,2399165.1,7468242.2455,29753.0,3430931.1726
2023-01-25 21:15:00,3.129,3.22,3.054,3.163,2211506.5,6962925.7674,24624.0,3644244.2825
2023-01-25 21:30:00,3.163,3.39,3.076,3.107,4238698.2,13666486.0475,45472.0,6704906.455
2023-01-25 21:45:00,3.107,3.169,3.075,3.101,1538185.3,4792065.0588,17144.0,2354901.5637
2023-01-25 22:00:00,3.101,3.189,3.053,3.098,1481874.5,4616463.3957,16459.0,2044127.6519
2023-01-25 22:15:00,3.095,3.119,3.027,3.089,1108286.1,3409965.0544,14283.0,1530283.3231
2023-01-25 22:30:00,3.091,3.123,3.06,3.1,699148.1,2162659.4598,8981.0,1059248.0496
2023-01-25 22:45:00,3.099,3.106,2.907,2.935,2088902.1,6221249.9426,23797.0,2555322.9097
2023-01-25 23:00:00,2.935,3.021,2.928,2.999,1284772.2,3820736.8721,13988.0,1957752.566
2023-01-25 23:15:00,3.0,3.029,2.986,3.023,415248.6,1249446.6635,4424.0,681301.5649
2023-01-25 23:30:00,3.025,3.129,3.021,3.1,858901.4,2639247.5736,11743.0,1491145.2744
2023-01-25 23:45:00,3.101,3.112,3.032,3.058,628349.1,1930006.8408,8062.0,932298.3046
2023-01-26 00:00:00,3.055,3.208,3.055,3.102,1683677.1,5286823.8705,20789.0,2617052.4534
2023-01-26 00:15:00,3.102,3.265,3.102,3.2,1441293.3,4606351.3068,18001.0,2430770.164
2023-01-26 00:30:00,3.2,3.294,3.162,3.263,1672784.3,5419181.1464,20966.0,2678169.187
2023-01-26 00:45:00,3.263,3.265,3.202,3.258,783139.0,2535442.8887,11407.0,1241438.7661
2023-01-26 01:00:00,3.258,3.26,3.14,3.163,1195694.7,3808407.4785,14822.0,1543629.7864
2023-01-26 01:15:00,3.164,3.221,3.05,3.104,1431264.2,4474650.6405,17487.0,1671671.7938
2023-01-26 01:30:00,3.105,3.113,3.057,3.099,514369.4,1588682.4738,5790.0,675173.9261
2023-01-26 01:45:00,3.099,3.099,3.008,3.042,841006.2,2562784.3015,9989.0,1085049.6972
2023-01-26 02:00:00,3.043,3.131,3.043,3.111,663536.6,2045721.6438,9035.0,1078880.3252
2023-01-26 02:15:00,3.111,3.158,3.095,3.131,624091.4,1956269.521,8247.0,955637.7631
2023-01-26 02:30:00,3.132,3.136,3.044,3.071,610158.2,1877803.4076,7726.0,736695.704
2023-01-26 02:45:00,3.073,3.123,3.061,3.069,364866.0,1130435.7359,5003.0,481665.7836
2023-01-26 03:00:00,3.069,3.123,3.068,3.11,347418.4,1077133.5853,5058.0,547884.6276
2023-01-26 03:15:00,3.11,3.134,3.051,3.11,648940.5,2004552.0185,8252.0,953144.978
2023-01-26 03:30:00,3.11,3.12,3.059,3.07,343664.4,1062699.3397,4897.0,412462.4272
2023-01-26 03:45:00,3.069,3.084,3.049,3.054,301518.2,924441.7111,3218.0,395251.0186
2023-01-26 04:00:00,3.054,3.118,2.94,2.972,1337611.0,4033909.5682,15775.0,1491531.0073
2023-01-26 04:15:00,2.975,3.082,2.97,3.068,746080.3,2251851.8643,10185.0,1317059.8769
2023-01-26 04:30:00,3.068,3.1,3.029,3.082,569776.2,1750223.0907,7760.0,792605.9753
2023-01-26 04:45:00,3.082,3.1,3.07,3.092,246417.3,760228.7911,3326.0,397351.6345
2023-01-26 05:00:00,3.09,3.092,3.043,3.07,260168.6,796681.8429,3604.0,317590.929
2023-01-26 05:15:00,3.071,3.094,3.06,3.082,179033.3,550276.1006,2833.0,300848.6952
2023-01-26 05:30:00,3.08,3.094,3.0,3.019,410019.2,1248353.3691,6357.0,449442.9283
2023-01-26 05:45:00,3.022,3.044,3.01,3.022,387262.4,1171885.6081,5521.0,555590.79
2023-01-26 06:00:00,3.022,3.085,3.022,3.047,462757.0,1414005.2706,6435.0,679633.8945
2023-01-26 06:15:00,3.047,3.052,2.979,3.004,674221.0,2031597.5115,8635.0,797690.6196
2023-01-26 06:30:00,3.003,3.037,2.996,3.021,277902.7,838933.9246,4001.0,401287.5535
2023-01-26 06:45:00,3.019,3.029,2.961,2.985,449808.0,1346421.032,5654.0,520279.1241
2023-01-26 07:00:00,2.985,3.006,2.952,2.995,556965.5,1658862.0653,6745.0,820244.4298
2023-01-26 07:15:00,2.993,3.006,2.965,3.002,343732.1,1026830.5289,4184.0,482652.5934
2023-01-26 07:30:00,3.002,3.05,2.992,3.017,508977.6,1536625.8245,6728.0,767793.9605
2023-01-26 07:45:00,3.017,3.019,2.968,2.975,382783.5,1144007.0941,4734.0,341827.1852
2023-01-26 08:00:00,2.975,3.031,2.968,3.003,495642.0,1489813.6968,6533.0,634088.1328
2023-01-26 08:15:00,3.002,3.009,2.853,2.896,1372047.4,3990645.5949,16220.0,1356257.6118
2023-01-26 08:30:00,2.898,2.94,2.887,2.928,761562.6,2216054.9557,9976.0,999007.4044
2023-01-26 08:45:00,2.928,2.95,2.896,2.921,544746.4,1595732.8225,7261.0,660595.3717
2023-01-26 09:00:00,2.92,2.947,2.913,2.94,325848.9,956019.3228,3955.0,479303.8868
2023-01-26 09:15:00,2.94,2.94,2.841,2.873,763065.8,2201001.5491,9130.0,875844.1365
2023-01-26 09:30:00,2.873,2.899,2.816,2.88,1155725.6,3313923.3084,13838.0,1488127.9981
2023-01-26 09:45:00,2.88,2.913,2.872,2.9,338540.6,979890.0386,3939.0,411946.0183
2023-01-26 10:00:00,2.9,2.9,2.832,2.843,585529.7,1677655.5153,7484.0,656072.6792
2023-01-26 10:15:00,2.843,2.862,2.825,2.837,595719.4,1692290.6215,6433.0,739069.9246
2023-01-26 10:30:00,2.837,2.846,2.772,2.812,1071922.7,3011995.6696,11930.0,1063740.7867
2023-01-26 10:45:00,2.81,2.819,2.758,2.81,944381.2,2634322.46,10265.0,1177047.1983
2023-01-26 11:00:00,2.81,2.849,2.782,2.809,592699.8,1670999.5083,7887.0,734363.3895
2023-01-26 11:15:00,2.808,2.847,2.795,2.828,563267.6,1591214.0878,6360.0,724634.9958
2023-01-26 11:30:00,2.828,2.87,2.82,2.857,512543.1,1456581.5203,6182.0,859244.1471
2023-01-26 11:45:00,2.855,2.861,2.802,2.828,438560.2,1242456.3183,5122.0,488469.4402
2023-01-26 12:00:00,2.828,2.828,2.794,2.801,447531.4,1255696.4272,5045.0,537350.778
2023-01-26 12:15:00,2.801,2.855,2.791,2.855,407220.7,1150823.6796,4842.0,614174.1161
2023-01-26 12:30:00,2.853,2.929,2.841,2.921,886227.3,2557800.9834,9221.0,1390040.4906
2023-01-26 12:45:00,2.921,2.964,2.911,2.953,938684.6,2757973.5331,9731.0,1426485.6451
2023-01-26 13:00:00,2.952,2.989,2.911,2.917,882511.3,2601651.0975,11042.0,1079934.7122
2023-01-26 13:15:00,2.917,2.925,2.89,2.907,520728.6,1514220.984,5387.0,670306.7878
2023-01-26 13:30:00,2.908,2.961,2.871,2.933,736067.4,2153682.3582,8331.0,965649.5513
2023-01-26 13:45:00,2.934,3.007,2.926,3.005,528593.1,1568152.3746,6600.0,862718.1447
2023-01-26 14:00:00,3.003,3.148,2.987,3.096,2355758.2,7254921.3576,28402.0,3970202.163
2023-01-26 14:15:00,3.096,3.12,3.043,3.084,906927.2,2788750.2146,11332.0,1192973.1123
2023-01-26 14:30:00,3.085,3.121,2.98,3.014,1478642.4,4521572.7437,16555.0,1920759.0054
2023-01-26 14:45:00,3.017,3.058,2.878,2.931,1959501.6,5808303.9198,19532.0,2389241.4445
2023-01-26 15:00:00,2.933,2.966,2.894,2.962,1009007.3,2960739.1387,12891.0,1341649.7082
2023-01-26 15:15:00,2.963,2.982,2.929,2.946,658916.0,1949761.0443,8045.0,923668.8731
2023-01-26 15:30:00,2.946,2.955,2.917,2.933,465730.5,1366631.9479,4609.0,675043.4973
2023-01-26 15:45:00,2.932,2.932,2.8,2.823,1707992.8,4865872.306,18126.0,1738373.989
2023-01-26 16:00:00,2.823,2.867,2.788,2.836,1124334.3,3178037.8724,13638.0,1504710.753
2023-01-26 16:15:00,2.836,2.89,2.831,2.884,599703.8,1712978.5276,7499.0,936199.5682
2023-01-26 16:30:00,2.882,2.9,2.842,2.888,553299.0,1590567.8051,7499.0,742384.2163
2023-01-26 16:45:00,2.889,2.891,2.856,2.878,248254.2,713804.1456,3633.0,282193.2146
2023-01-26 17:00:00,2.878,2.911,2.875,2.9,269229.5,778871.071,3800.0,407140.8187
2023-01-26 17:15:00,2.9,2.903,2.867,2.887,211700.8,611049.4758,3041.0,279577.4744
2023-01-26 17:30:00,2.888,2.908,2.866,2.874,344400.0,994746.1522,4276.0,360158.4936
2023-01-26 17:45:00,2.874,2.878,2.843,2.863,179420.7,513616.036,2562.0,207454.4085
2023-01-26 18:00:00,2.863,2.9,2.86,2.879,325086.6,936107.8373,3999.0,503240.4164
2023-01-26 18:15:00,2.879,2.907,2.863,2.904,185858.4,535751.8079,2273.0,214073.2824
2023-01-26 18:30:00,2.904,2.954,2.901,2.915,482487.4,1413143.3585,5733.0,767917.4294
2023-01-26 18:45:00,2.915,2.921,2.87,2.882,233963.5,676501.1959,3023.0,253753.4007
2023-01-26 19:00:00,2.884,2.894,2.841,2.847,277615.2,795379.1997,3203.0,314154.5893
2023-01-26 19:15:00,2.847,2.879,2.841,2.865,144689.0,414313.5778,2148.0,229483.188
2023-01-26 19:30:00,2.864,2.892,2.85,2.889,129339.6,371559.6347,1822.0,203143.7299
2023-01-26 19:45:00,2.888,2.905,2.881,2.897,146734.3,424813.7413,2016.0,210610.5791
2023-01-26 20:00:00,2.896,2.922,2.868,2.92,183414.9,530019.0189,2883.0,260249.9145
2023-01-26 20:15:00,2.921,2.943,2.915,2.939,277880.7,814178.7946,3374.0,389676.8647
2023-01-26 20:30:00,2.935,2.948,2.894,2.915,241422.8,704293.2061,3856.0,333183.5319
2023-01-26 20:45:00,2.914,2.936,2.91,2.933,109418.0,320199.6131,1905.0,151626.9785
2023-01-26 21:00:00,2.932,2.95,2.924,2.939,195733.9,574560.2055,2810.0,303665.3491
2023-01-26 21:15:00,2.939,2.991,2.923,2.973,331861.9,983129.01,4637.0,580905.9503
2023-01-26 21:30:00,2.972,3.019,2.925,2.938,620244.6,1844744.3171,7602.0,785515.1523
2023-01-26 21:45:00,2.939,2.974,2.902,2.967,363133.1,1065333.2588,5350.0,417492.8343
2023-01-26 22:00:00,2.967,2.993,2.937,2.973,390308.1,1157825.4178,5093.0,529975.6975
2023-01-26 22:15:00,2.973,2.988,2.954,2.98,128344.5,381665.8266,2478.0,172530.1919
2023-01-26 22:30:00,2.982,2.983,2.934,2.936,153426.2,453598.9976,2218.0,133293.3452
2023-01-26 22:45:00,2.934,2.958,2.917,2.923,194931.3,572364.542,1953.0,171049.4017
2023-01-26 23:00:00,2.923,2.945,2.909,2.911,172873.7,506029.0287,1832.0,202979.3133
2023-01-26 23:15:00,2.913,2.947,2.912,2.925,160481.4,469878.1078,1823.0,195582.2
2023-01-26 23:30:00,2.925,2.944,2.925,2.93,121892.3,357665.6717,1374.0,200187.3515
2023-01-26 23:45:00,2.93,2.942,2.893,2.901,229897.7,670644.1354,2830.0,233071.8862
2023-01-27 00:00:00,2.9,2.944,2.899,2.93,268244.6,784848.3443,2954.0,354168.4312
2023-01-27 00:15:00,2.929,2.938,2.857,2.867,391975.3,1131706.1596,4527.0,474245.2321
2023-01-27 00:30:00,2.868,2.933,2.862,2.895,321800.8,934694.3287,4211.0,511725.7391
2023-01-27 00:45:00,2.895,2.913,2.851,2.864,364523.6,1050316.0768,4104.0,414142.7112
2023-01-27 01:00:00,2.863,2.891,2.85,2.854,305844.7,877533.3582,3998.0,433713.7374
2023-01-27 01:15:00,2.854,2.867,2.805,2.828,675027.5,1911092.0998,8435.0,832943.112
2023-01-27 01:30:00,2.827,2.833,2.76,2.78,740778.9,2070976.2794,8530.0,703093.606
2023-01-27 01:45:00,2.78,2.829,2.777,2.804,268558.8,754145.1095,3498.0,406094.1109
2023-01-27 02:00:00,2.803,2.838,2.795,2.832,284705.3,803907.5574,2839.0,503600.1569
2023-01-27 02:15:00,2.831,2.832,2.81,2.825,157586.7,445157.8313,1916.0,214901.4648
2023-01-27 02:30:00,2.825,2.86,2.825,2.851,281029.8,797752.5402,2549.0,556733.1843
2023-01-27 02:45:00,2.85,2.86,2.828,2.839,188906.2,536388.3229,2061.0,227706.5394
2023-01-27 03:00:00,2.839,2.879,2.834,2.875,278010.6,795839.0225,2647.0,422223.6005
2023-01-27 03:15:00,2.874,2.904,2.866,2.868,228056.5,657541.5754,2451.0,324854.5573
2023-01-27 03:30:00,2.869,2.882,2.845,2.849,231468.0,662549.659,2525.0,202474.9268
2023-01-27 03:45:00,2.851,2.869,2.847,2.861,128432.0,366957.0071,1673.0,147984.154
2023-01-27 04:00:00,2.861,2.898,2.861,2.876,211288.3,608830.7103,2541.0,349694.872
2023-01-27 04:15:00,2.877,2.95,2.863,2.943,498992.9,1456051.4634,5638.0,840665.6515
2023-01-27 04:30:00,2.943,2.948,2.902,2.909,304193.9,889751.2869,3353.0,343484.5997
2023-01-27 04:45:00,2.909,2.93,2.901,2.929,167603.5,488312.7164,1926.0,254338.292
2023-01-27 05:00:00,2.928,2.979,2.926,2.96,418744.3,1239139.8004,5364.0,751613.2402
2023-01-27 05:15:00,2.96,3.022,2.947,3.02,457564.4,1366835.7967,6199.0,758754.6082
2023-01-27 05:30:00,3.02,3.039,2.988,2.998,584249.1,1756086.9118,6762.0,832628.9301
2023-01-27 05:45:00,2.998,3.07,2.987,3.011,804422.6,2439039.435,10644.0,1184988.5399
2023-01-27 06:00:00,3.012,3.065,2.966,3.0,791145.1,2386919.367,8628.0,946349.2271
2023-01-27 06:15:00,2.999,3.046,2.983,3.044,313937.4,947098.8848,3760.0,568806.285
2023-01-27 06:30:00,3.045,3.056,2.989,3.037,381270.6,1151393.7447,5232.0,542792.4481
2023-01-27 06:45:00,3.036,3.061,3.005,3.024,472022.4,1431909.5512,5683.0,615129.2309
2023-01-27 07:00:00,3.024,3.04,2.93,2.952,691699.6,2062842.9729,13611.0,793178.531
2023-01-27 07:15:00,2.95,3.003,2.943,2.99,409371.8,1218437.8385,6188.0,632841.8038
2023-01-27 07:30:00,2.989,3.008,2.959,2.999,260817.8,777825.3352,4266.0,396923.7426
2023-01-27 07:45:00,2.998,3.02,2.993,3.007,200536.3,603084.6492,2843.0,341800.7858
2023-01-27 08:00:00,3.008,3.122,2.998,3.118,1062664.4,3271753.7622,14075.0,1877890.1544
2023-01-27 08:15:00,3.118,3.16,3.054,3.159,1331642.6,4143451.8553,15718.0,2016768.1591
2023-01-27 08:30:00,3.159,3.226,3.116,3.22,2003197.9,6355380.4744,22678.0,3399460.858
2023-01-27 08:45:00,3.218,3.294,3.188,3.219,2545581.7,8241635.9047,28377.0,3977967.9041
2023-01-27 09:00:00,3.218,3.257,3.137,3.199,2477633.7,7919223.7708,25593.0,3732658.7166
2023-01-27 09:15:00,3.201,3.42,3.197,3.35,5576706.5,18703578.2568,58356.0,9777184.9583
2023-01-27 09:30:00,3.348,3.454,3.311,3.445,2873416.2,9705705.5612,29375.0,5263304.2737
2023-01-27 09:45:00,3.445,3.48,3.372,3.444,3500356.5,11988351.5372,34387.0,5969806.5693
2023-01-27 10:00:00,3.443,3.479,3.393,3.425,2605781.4,8949136.0769,27004.0,4579714.6316
2023-01-27 10:15:00,3.425,3.5,3.37,3.46,4029055.1,13867085.6116,38429.0,7338437.4969
2023-01-27 10:30:00,3.461,3.596,3.447,3.588,5154800.0,18291689.254,49941.0,9837797.9692
2023-01-27 10:45:00,3.587,3.588,3.463,3.517,3028475.4,10684307.6205,31422.0,4806270.0735
2023-01-27 11:00:00,3.516,3.555,3.466,3.533,2234036.8,7811819.4018,22403.0,4165495.9283
2023-01-27 11:15:00,3.532,3.65,3.526,3.54,3674723.5,13185891.9509,36118.0,6712806.2118
2023-01-27 11:30:00,3.542,3.588,3.465,3.489,2379315.0,8371862.3105,25554.0,4131271.0112
2023-01-27 11:45:00,3.489,3.532,3.401,3.448,3017899.1,10421391.3426,29091.0,4753007.4661
2023-01-27 12:00:00,3.447,3.5,3.421,3.463,1558473.5,5380895.8303,17040.0,2720315.6152
2023-01-27 12:15:00,3.464,3.535,3.43,3.475,2383784.2,8311903.4331,23049.0,3854101.3528
2023-01-27 12:30:00,3.475,3.485,3.4,3.437,1561950.2,5364620.9894,14977.0,2470892.6341
2023-01-27 12:45:00,3.437,3.511,3.424,3.502,1293505.7,4490707.8436,13075.0,2432788.1084
2023-01-27 13:00:00,3.502,3.531,3.459,3.518,1248454.1,4366221.543,11247.0,2234944.4357
2023-01-27 13:15:00,3.518,3.524,3.426,3.464,1200495.1,4168891.384,11834.0,1803337.4149
2023-01-27 13:30:00,3.461,3.573,3.461,3.531,2767719.4,9798613.3432,26752.0,5338753.3347
2023-01-27 13:45:00,3.531,3.65,3.511,3.613,3833341.7,13805153.1647,34997.0,7405457.6523
2023-01-27 14:00:00,3.612,3.78,3.581,3.716,6520345.7,24163178.6441,60654.0,13212058.8018
2023-01-27 14:15:00,3.716,3.748,3.5,3.558,6517974.2,23483683.0534,61048.0,10521820.4402
2023-01-27 14:30:00,3.559,3.606,3.531,3.544,2087493.4,7442452.8793,21252.0,3637109.1794
2023-01-27 14:45:00,3.543,3.594,3.48,3.574,2448540.1,8670643.7367,22679.0,4220768.7723
2023-01-27 15:00:00,3.575,3.59,3.546,3.575,1138529.0,4066576.9261,12429.0,1898410.9295
2023-01-27 15:15:00,3.575,3.584,3.471,3.527,1886787.9,6636393.608,20087.0,2894838.2245
2023-01-27 15:30:00,3.527,3.59,3.522,3.549,1038744.1,3692659.9359,10497.0,1825654.2926
2023-01-27 15:45:00,3.547,3.553,3.452,3.459,1336377.6,4672478.7535,11992.0,2003464.6139
2023-01-27 16:00:00,3.459,3.529,3.457,3.504,973460.3,3408154.5986,8794.0,1658433.6968
2023-01-27 16:15:00,3.504,3.597,3.502,3.591,1150799.8,4102484.8534,9457.0,2111975.4517
2023-01-27 16:30:00,3.594,3.625,3.534,3.538,1275206.5,4563338.7966,11183.0,2202344.4627
2023-01-27 16:45:00,3.538,3.561,3.512,3.525,658672.2,2326957.3683,6554.0,1166400.5951
2023-01-27 17:00:00,3.525,3.573,3.523,3.53,581881.4,2062595.8537,5804.0,1060002.6899
2023-01-27 17:15:00,3.529,3.543,3.482,3.498,633128.5,2220157.0626,6772.0,972034.966
2023-01-27 17:30:00,3.496,3.516,3.458,3.465,504965.8,1761295.4732,5413.0,754372.0869
2023-01-27 17:45:00,3.464,3.493,3.421,3.43,883864.4,3052448.3012,10125.0,1151196.4265
2023-01-27 18:00:00,3.43,3.453,3.421,3.433,634666.1,2182353.0447,6534.0,1025801.1094
2023-01-27 18:15:00,3.432,3.469,3.405,3.426,830990.9,2853996.2573,8347.0,1194832.6091
2023-01-27 18:30:00,3.425,3.434,3.34,3.392,1525813.0,5157524.1773,14674.0,2056097.9586
2023-01-27 18:45:00,3.392,3.434,3.388,3.398,553269.8,1889098.3429,6150.0,1038085.906
2023-01-27 19:00:00,3.398,3.418,3.367,3.388,552633.9,1877354.0835,6186.0,930128.8019
2023-01-27 19:15:00,3.388,3.433,3.372,3.38,508067.2,1729200.8339,5881.0,789153.0983
2023-01-27 19:30:00,3.38,3.423,3.37,3.388,457377.6,1553675.0502,5143.0,717186.9203
2023-01-27 19:45:00,3.388,3.398,3.366,3.386,332002.0,1123027.7583,3469.0,481561.0274
2023-01-27 20:00:00,3.387,3.449,3.386,3.391,829532.9,2835519.8434,9442.0,1473033.4969
2023-01-27 20:15:00,3.39,3.433,3.36,3.433,553905.4,1881438.5402,5909.0,959947.244
2023-01-27 20:30:00,3.433,3.438,3.394,3.395,299832.5,1024692.9277,3808.0,465028.9774
2023-01-27 20:45:00,3.395,3.402,3.267,3.384,2145576.8,7130675.952,23498.0,3119767.8437
2023-01-27 21:00:00,3.385,3.424,3.344,3.374,962756.4,3256601.8263,10232.0,1542418.4718
2023-01-27 21:15:00,3.373,3.41,3.372,3.399,398374.6,1350793.3365,4249.0,731836.6922
2023-01-27 21:30:00,3.398,3.5,3.396,3.476,972676.0,3365856.5543,11197.0,1935182.8689
2023-01-27 21:45:00,3.475,3.517,3.447,3.488,1109545.2,3860570.3287,11630.0,1912104.2507
2023-01-27 22:00:00,3.487,3.488,3.441,3.458,488896.1,1690644.5692,4666.0,734747.2912
2023-01-27 22:15:00,3.458,3.555,3.439,3.54,753323.7,2639318.5757,9214.0,1533800.1606
2023-01-27 22:30:00,3.54,3.543,3.474,3.514,486387.6,1702642.0425,5436.0,814628.1601
2023-01-27 22:45:00,3.515,3.549,3.444,3.451,622599.9,2175416.3611,7717.0,955625.5144
2023-01-27 23:00:00,3.45,3.518,3.45,3.495,513604.4,1794303.3691,5796.0,958272.7941
2023-01-27 23:15:00,3.494,3.577,3.493,3.546,825935.7,2927221.5282,8395.0,1486793.3328
2023-01-27 23:30:00,3.546,3.582,3.515,3.581,432899.2,1532021.1424,4668.0,789103.124
2023-01-27 23:45:00,3.581,3.6,3.548,3.57,688237.2,2459952.3951,8435.0,1343785.8377
2023-01-28 00:00:00,3.569,3.7,3.522,3.696,1897272.8,6860735.4547,19630.0,3845672.7451
2023-01-28 00:15:00,3.695,3.695,3.58,3.599,1064509.1,3859516.3428,11466.0,1674367.5089
2023-01-28 00:30:00,3.6,3.604,3.458,3.533,1347845.1,4752943.3196,15735.0,1969343.2586
2023-01-28 00:45:00,3.532,3.56,3.484,3.51,693555.7,2440102.9638,7718.0,1092007.1273
2023-01-28 01:00:00,3.51,3.547,3.466,3.476,692148.5,2426387.5136,7788.0,1013035.8054
2023-01-28 01:15:00,3.476,3.509,3.461,3.498,364767.3,1271615.0691,4344.0,571735.9184
2023-01-28 01:30:00,3.497,3.535,3.448,3.456,560500.4,1957607.2073,6536.0,796854.1554
2023-01-28 01:45:00,3.456,3.493,3.428,3.487,524779.6,1816050.8099,5778.0,860476.3153
2023-01-28 02:00:00,3.487,3.548,3.482,3.492,660848.6,2325609.2108,9074.0,1091601.0438
2023-01-28 02:15:00,3.492,3.555,3.461,3.526,669543.8,2350664.8931,8433.0,1260096.1583
2023-01-28 02:30:00,3.525,3.566,3.513,3.549,589959.7,2088564.1025,6495.0,1107160.1934
2023-01-28 02:45:00,3.549,3.558,3.516,3.527,233822.8,826975.4712,2882.0,330198.6242
2023-01-28 03:00:00,3.526,3.551,3.456,3.476,646966.4,2258204.309,7432.0,900345.0395
2023-01-28 03:15:00,3.477,3.559,3.477,3.553,448209.8,1576263.7161,4984.0,991354.8707
2023-01-28 03:30:00,3.553,3.629,3.54,3.615,811147.6,2906442.4616,8538.0,1546175.094
2023-01-28 03:45:00,3.616,3.617,3.522,3.545,738473.9,2642081.2235,10038.0,1131105.2429
2023-01-28 04:00:00,3.546,3.716,3.539,3.697,1274406.3,4639905.9138,13632.0,2827283.4884
2023-01-28 04:15:00,3.697,3.801,3.663,3.774,3061095.5,11505834.4391,30437.0,5788232.6416
2023-01-28 04:30:00,3.775,3.83,3.704,3.747,2269159.3,8543768.1853,21078.0,4228161.9805
2023-01-28 04:45:00,3.748,3.888,3.723,3.734,2289330.1,8686819.0036,27035.0,4278836.1972
2023-01-28 05:00:00,3.734,3.749,3.674,3.682,1424270.6,5277751.1438,16153.0,2509036.5568
2023-01-28 05:15:00,3.682,3.717,3.66,3.709,575982.9,2126182.1222,7290.0,1085551.1162
2023-01-28 05:30:00,3.709,3.731,3.668,3.722,643211.1,2381577.0203,8089.0,1161771.8693
2023-01-28 05:45:00,3.722,3.778,3.657,3.675,722341.7,2679574.4948,10740.0,1256770.3698
2023-01-28 06:00:00,3.676,3.676,3.574,3.596,1097582.1,3982084.8014,13055.0,1496810.9762
2023-01-28 06:15:00,3.596,3.634,3.571,3.574,671501.7,2422242.5147,7223.0,1220874.0605
2023-01-28 06:30:00,3.575,3.605,3.524,3.552,952133.2,3398179.4224,10001.0,1421118.1309
2023-01-28 06:45:00,3.551,3.603,3.48,3.589,1448879.5,5143010.508,15770.0,2565905.0706
2023-01-28 07:00:00,3.589,3.591,3.55,3.56,404084.5,1440802.3726,4507.0,595654.4847
2023-01-28 07:15:00,3.561,3.594,3.52,3.525,727105.1,2586718.9451,8879.0,1230691.5107
2023-01-28 07:30:00,3.527,3.556,3.45,3.526,1332429.6,4660842.9245,15254.0,2099996.7042
2023-01-28 07:45:00,3.526,3.527,3.478,3.51,471204.9,1649178.6995,6172.0,776722.2544
2023-01-28 08:00:00,3.51,3.542,3.47,3.497,676020.4,2371946.8801,9167.0,1140831.5096
2023-01-28 08:15:00,3.498,3.499,3.458,3.481,515196.8,1790692.1326,5830.0,690811.6169
2023-01-28 08:30:00,3.481,3.529,3.477,3.495,508243.4,1782057.9106,6675.0,952729.1344
2023-01-28 08:45:00,3.495,3.553,3.489,3.518,702555.6,2474289.9356,9970.0,1261321.9753
2023-01-28 09:00:00,3.516,3.516,3.456,3.467,847019.1,2946162.9155,10737.0,1330662.7285
2023-01-28 09:15:00,3.467,3.522,3.466,3.52,620554.1,2171034.7485,8299.0,1277237.1779
2023-01-28 09:30:00,3.52,3.546,3.493,3.52,583836.9,2055013.9959,7955.0,1037074.9465
2023-01-28 09:45:00,3.52,3.592,3.517,3.585,752636.8,2675953.6867,8703.0,1616273.5614
2023-01-28 10:00:00,3.586,3.6,3.521,3.558,861127.9,3075614.4174,11807.0,1461676.23
2023-01-28 10:15:00,3.558,3.566,3.502,3.515,624281.7,2204448.3048,8904.0,812020.8661
2023-01-28 10:30:00,3.515,3.539,3.511,3.525,277452.3,978482.7329,3716.0,398809.9685
2023-01-28 10:45:00,3.524,3.537,3.461,3.471,577872.4,2016472.1496,8240.0,842476.51
2023-01-28 11:00:00,3.471,3.496,3.463,3.471,366422.0,1274262.0123,5375.0,586375.0396
2023-01-28 11:15:00,3.471,3.498,3.46,3.484,253361.7,880518.734,3426.0,417702.4963
2023-01-28 11:30:00,3.484,3.502,3.46,3.473,354942.3,1234486.4797,4468.0,445149.2118
2023-01-28 11:45:00,3.474,3.482,3.404,3.429,1190623.9,4092192.1812,13962.0,1679423.2649
2023-01-28 12:00:00,3.429,3.46,3.335,3.379,1759874.8,5953244.643,19858.0,2419203.933
2023-01-28 12:15:00,3.379,3.407,3.325,3.346,1091661.6,3667049.7047,13264.0,1581370.5427
2023-01-28 12:30:00,3.346,3.375,3.311,3.365,811447.3,2714396.2892,7938.0,1391640.3754
2023-01-28 12:45:00,3.365,3.393,3.356,3.373,494715.9,1670090.0395,6364.0,868740.0219
2023-01-28 13:00:00,3.372,3.402,3.318,3.389,982637.1,3296353.6164,12030.0,1603935.1312
2023-01-28 13:15:00,3.39,3.39,3.35,3.369,509039.4,1715840.162,6480.0,816206.4665
2023-01-28 13:30:00,3.369,3.435,3.364,3.419,777932.8,2655601.012,8563.0,1492379.9969
2023-01-28 13:45:00,3.419,3.457,3.4,3.426,569084.5,1954728.111,6402.0,961636.1366
2023-01-28 14:00:00,3.424,3.456,3.42,3.443,393394.3,1353988.1045,4991.0,659425.1752
2023-01-28 14:15:00,3.443,3.488,3.436,3.483,400362.5,1385320.6064,4600.0,810553.8854
2023-01-28 14:30:00,3.484,3.497,3.452,3.46,427280.2,1486897.6318,5408.0,615657.7907
2023-01-28 14:45:00,3.46,3.465,3.36,3.403,918902.2,3132681.736,10643.0,1397614.633
2023-01-28 15:00:00,3.404,3.495,3.402,3.486,653392.8,2255379.0552,8445.0,1237819.815
2023-01-28 15:15:00,3.486,3.49,3.423,3.437,512355.0,1771086.6414,7399.0,720400.0239
2023-01-28 15:30:00,3.436,3.506,3.434,3.5,633546.2,2204980.2897,8382.0,1111949.8743
2023-01-28 15:45:00,3.502,3.507,3.452,3.462,357718.5,1242968.7121,4965.0,579217.6066
2023-01-28 16:00:00,3.462,3.468,3.444,3.461,278867.6,963904.1048,3570.0,439058.4089
2023-01-28 16:15:00,3.461,3.489,3.45,3.459,286785.2,994566.0811,4106.0,447335.2319
2023-01-28 16:30:00,3.458,3.459,3.4,3.432,493879.3,1694153.4543,7529.0,750325.8266
2023-01-28 16:45:00,3.433,3.458,3.414,3.453,226342.9,777173.1541,3438.0,407523.6831
2023-01-28 17:00:00,3.453,3.475,3.42,3.446,285610.2,985086.9154,5048.0,464981.4215
2023-01-28 17:15:00,3.448,3.494,3.435,3.488,343453.6,1191834.7835,5917.0,627689.1853
2023-01-28 17:30:00,3.489,3.542,3.476,3.512,577255.4,2027546.1599,9092.0,1176544.4171
2023-01-28 17:45:00,3.512,3.536,3.482,3.524,313185.9,1098492.1818,4549.0,606313.322
2023-01-28 18:00:00,3.524,3.524,3.442,3.457,484668.8,1682055.3624,6633.0,741909.8056
2023-01-28 18:15:00,3.457,3.476,3.444,3.468,146781.3,507829.6653,2173.0,301499.0908
2023-01-28 18:30:00,3.467,3.494,3.435,3.493,238726.6,827158.4487,3514.0,412397.6699
2023-01-28 18:45:00,3.493,3.5,3.458,3.461,157003.7,546171.4198,2306.0,160157.5007
2023-01-28 19:00:00,3.461,3.476,3.437,3.454,286061.5,987899.4575,4098.0,481290.5823
2023-01-28 19:15:00,3.455,3.456,3.403,3.426,414772.3,1422643.7591,5711.0,599310.2472
2023-01-28 19:30:00,3.425,3.447,3.42,3.447,96874.2,332681.282,1418.0,164950.0471
2023-01-28 19:45:00,3.447,3.495,3.442,3.485,215055.3,747538.5712,3436.0,346217.2338
2023-01-28 20:00:00,3.486,3.51,3.472,3.503,199474.3,696618.0357,3808.0,328767.0916
2023-01-28 20:15:00,3.503,3.505,3.467,3.47,144280.9,502223.429,2493.0,191756.8926
2023-01-28 20:30:00,3.469,3.475,3.44,3.448,199937.1,690888.3842,3014.0,312784.2762
2023-01-28 20:45:00,3.447,3.447,3.368,3.376,493330.7,1677935.7229,6290.0,621665.4834
2023-01-28 21:00:00,3.375,3.389,3.338,3.382,433136.3,1457653.9416,6094.0,744606.204
2023-01-28 21:15:00,3.383,3.385,3.35,3.362,187034.3,630261.8059,2794.0,287877.8285
2023-01-28 21:30:00,3.36,3.386,3.356,3.363,167314.1,564065.0907,2580.0,340665.1591
2023-01-28 21:45:00,3.363,3.372,3.353,3.357,136879.1,460051.6653,1922.0,233247.7305
2023-01-28 22:00:00,3.356,3.409,3.33,3.38,431624.9,1452340.1414,5798.0,677417.3547
2023-01-28 22:15:00,3.38,3.393,3.346,3.359,182816.4,616184.0567,2505.0,235321.5016
2023-01-28 22:30:00,3.359,3.376,3.359,3.371,61927.9,208503.5295,1062.0,102683.4489
2023-01-28 22:45:00,3.371,3.41,3.363,3.405,199076.1,676028.4413,2442.0,382096.2621
2023-01-28 23:00:00,3.405,3.405,3.387,3.394,127617.7,433509.4783,1595.0,182120.458
2023-01-28 23:15:00,3.395,3.427,3.392,3.426,96624.6,329559.4363,1690.0,202760.1708
2023-01-28 23:30:00,3.427,3.427,3.401,3.421,111677.8,381347.2934,1397.0,189133.4558
2023-01-28 23:45:00,3.42,3.434,3.409,3.432,119147.2,407686.8698,1583.0,245504.9806
2023-01-29 00:00:00,3.432,3.471,3.382,3.384,447070.3,1535848.4832,5864.0,583948.9822
2023-01-29 00:15:00,3.385,3.403,3.354,3.403,532770.3,1798086.3895,5723.0,776300.6809
2023-01-29 00:30:00,3.403,3.51,3.403,3.507,729738.7,2535188.6804,9893.0,1268634.9684
2023-01-29 00:45:00,3.506,3.542,3.481,3.494,679654.1,2392203.3727,7321.0,1016162.7824
2023-01-29 01:00:00,3.493,3.643,3.493,3.604,1394259.5,4987146.1193,15411.0,3010936.1967
2023-01-29 01:15:00,3.605,3.656,3.57,3.579,1014874.5,3665076.9936,12353.0,1730052.9532
2023-01-29 01:30:00,3.58,3.587,3.53,3.546,485049.4,1725515.2654,5255.0,681423.8124
2023-01-29 01:45:00,3.547,3.583,3.514,3.548,563322.9,1996389.2978,5856.0,953792.8395
2023-01-29 02:00:00,3.547,3.582,3.496,3.554,697567.8,2467035.5932,7438.0,1173908.7618
2023-01-29 02:15:00,3.554,3.575,3.51,3.514,402045.6,1425971.6321,5090.0,473111.8706
2023-01-29 02:30:00,3.514,3.555,3.5,3.555,337891.9,1189966.1182,4313.0,641376.7751
2023-01-29 02:45:00,3.555,3.559,3.439,3.49,696242.0,2430407.6902,7929.0,821858.7832
2023-01-29 03:00:00,3.489,3.5,3.478,3.483,195293.9,681073.8511,2323.0,289081.8989
2023-01-29 03:15:00,3.483,3.517,3.481,3.508,244351.0,854723.4803,3145.0,394570.8992
2023-01-29 03:30:00,3.507,3.521,3.49,3.5,160790.3,563807.7238,2171.0,266438.6782
2023-01-29 03:45:00,3.5,3.533,3.5,3.514,147263.9,518498.4708,2341.0,288259.9107
2023-01-29 04:00:00,3.514,3.53,3.497,3.507,199704.3,701917.3266,2344.0,332703.353
2023-01-29 04:15:00,3.507,3.512,3.481,3.488,223125.8,780051.7298,2582.0,361817.3092
2023-01-29 04:30:00,3.487,3.544,3.48,3.544,274838.9,965716.0494,3828.0,550441.9175
2023-01-29 04:45:00,3.544,3.56,3.51,3.527,446544.9,1577972.4572,5588.0,773828.118
2023-01-29 05:00:00,3.527,3.543,3.51,3.52,196206.7,692164.9074,2435.0,336613.899
2023-01-29 05:15:00,3.521,3.535,3.49,3.492,244564.9,856988.1276,2762.0,348494.1461
2023-01-29 05:30:00,3.491,3.505,3.483,3.499,167227.9,584236.9344,2032.0,307821.4506
2023-01-29 05:45:00,3.496,3.496,3.465,3.486,212429.6,739635.2052,2768.0,274871.3579
2023-01-29 06:00:00,3.486,3.496,3.456,3.466,292991.1,1016669.3969,3511.0,468846.3209
2023-01-29 06:15:00,3.465,3.474,3.456,3.467,166277.8,576171.0524,2140.0,212781.4413
2023-01-29 06:30:00,3.466,3.472,3.428,3.453,281494.6,970897.9409,3255.0,321404.8721
2023-01-29 06:45:00,3.454,3.459,3.432,3.437,233041.0,802347.5329,2643.0,338020.1577
2023-01-29 07:00:00,3.437,3.457,3.437,3.445,174015.6,600080.1655,2003.0,339605.4278
2023-01-29 07:15:00,3.446,3.456,3.444,3.45,86523.0,298406.6523,982.0,146387.0065
2023-01-29 07:30:00,3.45,3.454,3.433,3.444,143936.8,495557.8102,1639.0,211348.6283
2023-01-29 07:45:00,3.444,3.466,3.437,3.454,173197.9,598091.4347,2240.0,308745.1174
2023-01-29 08:00:00,3.451,3.463,3.421,3.432,208784.4,717967.4528,2921.0,318729.3271
2023-01-29 08:15:00,3.432,3.432,3.392,3.406,415736.0,1417611.4661,4296.0,520049.414
2023-01-29 08:30:00,3.406,3.432,3.388,3.416,374374.6,1276919.3481,4376.0,634432.3974
2023-01-29 08:45:00,3.415,3.425,3.411,3.415,171709.8,586773.3454,1819.0,322021.8491
2023-01-29 09:00:00,3.415,3.435,3.404,3.43,205233.8,701050.0,2716.0,406509.1784
2023-01-29 09:15:00,3.43,3.445,3.424,3.438,195488.3,671286.3828,2310.0,372373.399
2023-01-29 09:30:00,3.439,3.476,3.421,3.462,489532.9,1691399.7042,5028.0,935559.0772
2023-01-29 09:45:00,3.463,3.472,3.444,3.455,232368.1,803376.4623,2919.0,353579.0401
2023-01-29 10:00:00,3.455,3.484,3.445,3.461,286459.4,992712.0343,3491.0,462838.0269
2023-01-29 10:15:00,3.462,3.493,3.453,3.467,351792.8,1222386.2279,4857.0,684433.8614
2023-01-29 10:30:00,3.467,3.506,3.458,3.495,256047.0,892536.7735,4339.0,467031.7559
2023-01-29 10:45:00,3.495,3.519,3.473,3.514,253193.7,884518.8021,3771.0,442949.8525
2023-01-29 11:00:00,3.515,3.563,3.456,3.514,895467.7,3142850.1592,12150.0,1487008.6337
2023-01-29 11:15:00,3.513,3.519,3.468,3.477,285197.0,995842.8976,3609.0,337936.7225
2023-01-29 11:30:00,3.477,3.481,3.427,3.457,425922.1,1470323.0394,6305.0,610673.68
2023-01-29 11:45:00,3.458,3.474,3.438,3.458,181999.9,629412.0377,2365.0,244837.6621
2023-01-29 12:00:00,3.458,3.459,3.418,3.422,249579.9,857975.3084,3116.0,282768.2082
2023-01-29 12:15:00,3.422,3.443,3.408,3.441,303980.8,1040889.0324,3650.0,568502.8858
2023-01-29 12:30:00,3.44,3.447,3.406,3.433,283572.3,971012.7073,3689.0,453702.032
2023-01-29 12:45:00,3.433,3.467,3.425,3.449,386297.0,1331665.5047,4775.0,764854.896
2023-01-29 13:00:00,3.448,3.461,3.426,3.441,272598.0,939213.1059,3777.0,432611.9521
2023-01-29 13:15:00,3.442,3.488,3.437,3.477,456478.1,1581748.3439,5311.0,841319.1461
2023-01-29 13:30:00,3.477,3.484,3.429,3.441,311778.2,1077161.6242,4118.0,387223.1994
2023-01-29 13:45:00,3.44,3.445,3.405,3.42,436497.0,1494808.768,4723.0,612419.5268
2023-01-29 14:00:00,3.419,3.441,3.405,3.425,349410.4,1196249.7822,4411.0,553378.771
2023-01-29 14:15:00,3.425,3.425,3.366,3.39,697696.0,2367860.3865,8012.0,825794.9601
2023-01-29 14:30:00,3.391,3.405,3.376,3.394,295094.5,1000882.588,3449.0,523527.7796
2023-01-29 14:45:00,3.394,3.424,3.392,3.404,249610.7,850640.6821,3034.0,565219.6291
2023-01-29 15:00:00,3.404,3.443,3.401,3.417,308596.4,1055862.8241,4019.0,485124.7071
2023-01-29 15:15:00,3.417,3.43,3.389,3.424,255512.6,870340.9559,3338.0,352014.4579
2023-01-29 15:30:00,3.424,3.454,3.419,3.439,272723.7,937454.6223,3875.0,423678.2124
2023-01-29 15:45:00,3.439,3.452,3.432,3.443,141986.5,488929.1367,2038.0,243803.3782
2023-01-29 16:00:00,3.442,3.455,3.378,3.399,580398.2,1976317.3678,6568.0,860908.4414
2023-01-29 16:15:00,3.399,3.438,3.395,3.402,270857.9,925013.2931,3791.0,449448.2533
2023-01-29 16:30:00,3.402,3.408,3.344,3.381,766147.3,2581082.9858,8653.0,982581.2277
2023-01-29 16:45:00,3.38,3.389,3.35,3.371,442251.3,1488209.0621,4979.0,676348.9863
2023-01-29 17:00:00,3.371,3.371,3.19,3.309,2937738.0,9595332.7874,31953.0,3869911.2064
2023-01-29 17:15:00,3.308,3.336,3.287,3.322,472391.1,1567280.7533,5540.0,945236.457
2023-01-29 17:30:00,3.323,3.338,3.308,3.326,225353.4,749006.5551,3144.0,382103.3948
2023-01-29 17:45:00,3.327,3.338,3.313,3.323,168464.1,560559.3211,2149.0,242105.9563
2023-01-29 18:00:00,3.322,3.323,3.269,3.282,768607.6,2532399.9254,8757.0,983207.3216
2023-01-29 18:15:00,3.283,3.351,3.275,3.344,499012.9,1652739.5763,6221.0,933691.2261
2023-01-29 18:30:00,3.344,3.349,3.313,3.333,387533.5,1291833.5548,4713.0,645718.1797
2023-01-29 18:45:00,3.333,3.34,3.302,3.306,169863.8,564675.633,2261.0,213046.2895
2023-01-29 19:00:00,3.306,3.345,3.306,3.34,286671.3,954835.7777,3435.0,515581.8231
2023-01-29 19:15:00,3.341,3.388,3.336,3.377,506575.9,1708099.5009,5738.0,960659.7257
2023-01-29 19:30:00,3.377,3.384,3.302,3.346,582884.2,1947357.1495,6759.0,746786.5775
2023-01-29 19:45:00,3.346,3.357,3.316,3.33,285538.6,953199.827,3236.0,417608.4613
2023-01-29 20:00:00,3.33,3.347,3.3,3.32,396457.8,1319206.6825,5043.0,610859.6318
2023-01-29 20:15:00,3.319,3.335,3.305,3.332,275166.5,913116.9691,3515.0,499101.1437
2023-01-29 20:30:00,3.332,3.345,3.331,3.334,133732.5,446392.9277,1564.0,221552.6031
2023-01-29 20:45:00,3.334,3.334,3.312,3.315,160742.7,534050.7883,1986.0,196759.7386
2023-01-29 21:00:00,3.314,3.327,3.291,3.306,219725.4,725948.8624,3305.0,332644.3424
2023-01-29 21:15:00,3.306,3.332,3.272,3.328,377636.0,1245368.7434,4951.0,653565.5757
2023-01-29 21:30:00,3.329,3.335,3.314,3.325,165976.9,551788.6696,2033.0,281871.7043
2023-01-29 21:45:00,3.325,3.335,3.322,3.326,114404.5,380921.4119,1334.0,212511.7013
2023-01-29 22:00:00,3.326,3.355,3.319,3.351,186116.5,621086.3437,2683.0,350161.2763
2023-01-29 22:15:00,3.351,3.352,3.326,3.341,154595.2,516502.9336,2221.0,219937.5718
2023-01-29 22:30:00,3.341,3.341,3.306,3.32,208714.6,693198.2075,3221.0,290243.758
2023-01-29 22:45:00,3.32,3.327,3.305,3.32,110961.7,367818.873,1369.0,171275.8164
2023-01-29 23:00:00,3.32,3.363,3.311,3.359,270230.0,900920.2912,3452.0,494092.5388
2023-01-29 23:15:00,3.359,3.45,3.348,3.433,861137.7,2937185.987,10115.0,1767090.0956
2023-01-29 23:30:00,3.433,3.473,3.388,3.459,785169.8,2692172.7084,8859.0,1468144.3049
2023-01-29 23:45:00,3.459,3.46,3.414,3.419,431446.7,1481797.6531,4095.0,756243.8653
2023-01-30 00:00:00,3.419,3.45,3.389,3.418,585832.5,2000976.5398,6973.0,935367.0639
2023-01-30 00:15:00,3.418,3.427,3.34,3.367,624773.9,2107941.055,7733.0,736374.1853
2023-01-30 00:30:00,3.367,3.396,3.359,3.386,290026.8,980456.7334,3761.0,617192.2068
2023-01-30 00:45:00,3.387,3.422,3.381,3.408,298674.4,1015963.3091,4562.0,562588.1602
2023-01-30 01:00:00,3.41,3.458,3.38,3.381,603381.4,2065056.6215,7515.0,893865.374
2023-01-30 01:15:00,3.38,3.384,3.316,3.344,690088.8,2310244.9528,8670.0,973672.3684
2023-01-30 01:30:00,3.343,3.352,3.326,3.341,227117.1,758737.6157,3121.0,422888.1309
2023-01-30 01:45:00,3.341,3.347,3.265,3.305,862715.8,2839722.2805,10287.0,1100061.3952
2023-01-30 02:00:00,3.304,3.306,3.205,3.243,1487484.9,4826074.1388,17347.0,1872268.0534
2023-01-30 02:15:00,3.242,3.268,3.233,3.254,528859.4,1718357.01,6419.0,946919.2075
2023-01-30 02:30:00,3.253,3.276,3.241,3.264,332587.1,1084377.4577,3485.0,574620.6379
2023-01-30 02:45:00,3.263,3.266,3.234,3.242,438856.8,1424856.2727,5521.0,526683.6721
2023-01-30 03:00:00,3.242,3.266,3.238,3.249,292668.2,951777.8821,3583.0,468311.89
2023-01-30 03:15:00,3.249,3.264,3.236,3.24,266344.2,865435.9568,3378.0,421966.1799
2023-01-30 03:30:00,3.24,3.269,3.232,3.265,219742.4,714259.3223,2833.0,355250.7588
2023-01-30 03:45:00,3.266,3.289,3.26,3.271,358363.1,1174164.3173,3608.0,665856.7829
2023-01-30 04:00:00,3.272,3.315,3.271,3.313,514646.3,1698018.631,6101.0,889503.4828
2023-01-30 04:15:00,3.312,3.318,3.287,3.304,316284.6,1044948.8312,3676.0,452675.4122
2023-01-30 04:30:00,3.303,3.308,3.27,3.283,352145.9,1158599.7197,3712.0,374350.9181
2023-01-30 04:45:00,3.283,3.297,3.268,3.281,228100.5,748314.9473,3547.0,315481.752
2023-01-30 05:00:00,3.28,3.295,3.272,3.272,182216.9,598343.9653,2687.0,266365.6506
2023-01-30 05:15:00,3.272,3.286,3.244,3.269,238482.5,778655.2898,3973.0,233530.5022
2023-01-30 05:30:00,3.269,3.29,3.261,3.288,133533.1,437568.451,2283.0,252369.6878
2023-01-30 05:45:00,3.287,3.304,3.281,3.302,201381.6,663005.3,2532.0,341919.2828
2023-01-30 06:00:00,3.302,3.304,3.283,3.293,212184.1,699270.6228,2298.0,303389.7461
2023-01-30 06:15:00,3.293,3.294,3.277,3.288,140101.4,460255.8237,1989.0,196506.0262
2023-01-30 06:30:00,3.289,3.29,3.257,3.267,217944.6,712488.923,3143.0,222792.9905
2023-01-30 06:45:00,3.267,3.285,3.239,3.271,380473.3,1241407.1704,4112.0,676089.0942
2023-01-30 07:00:00,3.271,3.302,3.261,3.298,252345.8,829923.6109,3538.0,406521.6939
2023-01-30 07:15:00,3.298,3.303,3.26,3.261,296479.6,971985.3401,4054.0,424019.8641
2023-01-30 07:30:00,3.261,3.28,3.244,3.274,290315.8,947761.6968,4276.0,468060.811
2023-01-30 07:45:00,3.274,3.28,3.249,3.252,262169.7,854478.1648,3633.0,264880.7649
2023-01-30 08:00:00,3.253,3.3,3.234,3.293,483057.1,1576151.0497,6612.0,692000.1571
2023-01-30 08:15:00,3.293,3.325,3.25,3.258,597366.3,1966039.9959,8743.0,840091.5331
2023-01-30 08:30:00,3.259,3.304,3.243,3.276,498544.8,1632102.8066,7906.0,789656.286
2023-01-30 08:45:00,3.277,3.321,3.263,3.308,429778.7,1415471.6885,6008.0,757892.6191
2023-01-30 09:00:00,3.305,3.316,3.038,3.071,4063124.2,12729661.8747,40737.0,4401592.8549
2023-01-30 09:15:00,3.07,3.192,3.059,3.119,1808893.4,5644433.165,21832.0,2857044.7159
2023-01-30 09:30:00,3.119,3.157,3.05,3.108,1086739.9,3376044.387,12624.0,1629688.9259
2023-01-30 09:45:00,3.109,3.124,3.078,3.093,744719.3,2307958.992,8135.0,1013472.1953
2023-01-30 10:00:00,3.092,3.126,3.017,3.12,1171154.1,3602250.4274,12583.0,1556636.9641
2023-01-30 10:15:00,3.119,3.158,3.112,3.138,637385.9,2000492.5226,7310.0,1141697.9151
2023-01-30 10:30:00,3.138,3.153,3.114,3.119,330656.9,1035999.18,4402.0,422361.5408
2023-01-30 10:45:00,3.12,3.127,3.093,3.11,377251.2,1172871.9479,4973.0,476341.7445
2023-01-30 11:00:00,3.109,3.13,3.104,3.116,241776.4,753315.1824,3862.0,366566.6623
2023-01-30 11:15:00,3.116,3.133,3.091,3.101,285369.2,888527.5402,3427.0,370760.825
2023-01-30 11:30:00,3.1,3.112,3.05,3.094,746969.8,2304068.1926,9303.0,900291.4909
2023-01-30 11:45:00,3.097,3.109,3.055,3.07,530024.5,1631188.6483,7164.0,672261.5518
2023-01-30 12:00:00,3.068,3.073,2.94,3.029,2164377.9,6506668.193,24765.0,2432958.5872
2023-01-30 12:15:00,3.029,3.049,3.011,3.03,475126.6,1440631.5276,6032.0,680980.0759
2023-01-30 12:30:00,3.031,3.053,2.978,2.987,983107.9,2960799.3143,12345.0,1201607.5443
2023-01-30 12:45:00,2.985,3.023,2.98,3.016,546151.3,1639446.6141,6843.0,844353.0915
2023-01-30 13:00:00,3.016,3.056,3.006,3.05,530234.7,1607174.4766,6724.0,880053.9433
2023-01-30 13:15:00,3.049,3.049,3.008,3.038,460722.4,1395132.0642,5899.0,690282.8397
2023-01-30 13:30:00,3.038,3.046,2.983,3.012,637990.9,1919479.8402,8381.0,962876.5422
2023-01-30 13:45:00,3.012,3.012,2.962,2.98,527336.7,1576916.9362,5784.0,651610.2685
2023-01-30 14:00:00,2.981,3.055,2.973,3.053,930050.9,2815358.2965,12018.0,1523413.2121
2023-01-30 14:15:00,3.051,3.081,3.036,3.054,551039.9,1684194.2314,6035.0,894032.1744
2023-01-30 14:30:00,3.054,3.086,3.034,3.071,808486.8,2474577.8264,8125.0,1283914.378
2023-01-30 14:45:00,3.071,3.1,3.061,3.1,748002.2,2305867.2456,6605.0,1176757.6407
2023-01-30 15:00:00,3.099,3.102,3.062,3.074,586623.4,1807759.9096,5490.0,698750.2821
2023-01-30 15:15:00,3.074,3.074,3.034,3.038,478352.4,1460001.5447,5304.0,489825.9973
2023-01-30 15:30:00,3.039,3.049,2.96,2.984,1175081.1,3524111.4804,12624.0,1402311.2258
2023-01-30 15:45:00,2.984,3.015,2.966,3.011,660502.7,1977938.9522,6661.0,1023366.7866
2023-01-30 16:00:00,3.012,3.038,2.991,3.023,547549.2,1651084.7104,5936.0,826346.979
2023-01-30 16:15:00,3.024,3.064,3.023,3.061,687552.9,2093870.4371,7038.0,1066063.2903
2023-01-30 16:30:00,3.061,3.1,3.042,3.048,1086994.0,3341493.1299,11515.0,1587280.2165
2023-01-30 16:45:00,3.048,3.054,3.02,3.049,375906.6,1143525.7394,5018.0,536164.2752
2023-01-30 17:00:00,3.05,3.068,3.034,3.058,220512.6,672847.9358,2923.0,348630.1944
2023-01-30 17:15:00,3.058,3.072,3.003,3.032,540047.5,1639427.5152,6417.0,722649.2954
2023-01-30 17:30:00,3.031,3.033,2.989,3.007,460779.6,1386903.0093,6267.0,534601.2741
2023-01-30 17:45:00,3.008,3.01,2.97,2.979,504126.3,1509382.045,6178.0,702777.516
2023-01-30 18:00:00,2.979,2.98,2.829,2.89,3044003.0,8793649.4621,27631.0,3438789.708
2023-01-30 18:15:00,2.89,2.906,2.852,2.868,778622.0,2242140.3723,8962.0,1030349.5446
2023-01-30 18:30:00,2.869,2.899,2.852,2.866,569436.0,1636462.4984,6951.0,713261.8597
2023-01-30 18:45:00,2.865,2.895,2.862,2.88,382078.6,1100218.7675,4992.0,587938.2919
2023-01-30 19:00:00,2.879,2.91,2.557,2.701,3568001.0,9729044.3532,41743.0,2954292.699
2023-01-30 19:15:00,2.702,2.787,2.701,2.764,1647455.3,4539089.421,16679.0,2204475.9226
2023-01-30 19:30:00,2.765,2.773,2.719,2.744,813345.5,2233535.5699,8645.0,985640.1467
2023-01-30 19:45:00,2.743,2.757,2.718,2.747,610261.9,1670516.538,6056.0,869606.3275
2023-01-30 20:00:00,2.749,2.806,2.748,2.768,921953.4,2557868.6186,9125.0,1413925.0184
2023-01-30 20:15:00,2.768,2.768,2.717,2.737,706745.9,1937748.8941,7096.0,696923.0234
2023-01-30 20:30:00,2.738,2.77,2.729,2.752,431392.1,1185766.9784,4748.0,639132.8229
2023-01-30 20:45:00,2.752,2.78,2.74,2.774,360880.7,996294.3512,4675.0,562459.6764
2023-01-30 21:00:00,2.774,2.797,2.765,2.788,359746.7,1000449.4944,4256.0,481211.518
2023-01-30 21:15:00,2.789,2.796,2.759,2.777,314908.7,874144.8214,3558.0,389621.8894
2023-01-30 21:30:00,2.776,2.781,2.759,2.767,271484.6,752209.6724,3053.0,352777.2788
2023-01-30 21:45:00,2.766,2.789,2.75,2.784,314338.3,871019.1767,3727.0,453736.0884
2023-01-30 22:00:00,2.784,2.789,2.753,2.771,330911.6,917791.4411,3661.0,416312.0453
2023-01-30 22:15:00,2.77,2.771,2.731,2.741,309461.6,851242.9647,4082.0,373575.4128
2023-01-30 22:30:00,2.74,2.765,2.692,2.76,642611.4,1753034.3096,7605.0,726039.6225
2023-01-30 22:45:00,2.76,2.788,2.756,2.782,384071.6,1065346.993,5454.0,593550.3266
2023-01-30 23:00:00,2.783,2.784,2.745,2.774,310592.0,859578.2167,3533.0,388869.896
2023-01-30 23:15:00,2.773,2.825,2.762,2.82,551657.0,1547247.8971,8031.0,1082726.9608
2023-01-30 23:30:00,2.819,2.824,2.789,2.804,594133.5,1667663.7533,5932.0,796579.0221
2023-01-30 23:45:00,2.803,2.842,2.789,2.831,524843.3,1478726.5122,6006.0,909259.865
2023-01-31 00:00:00,2.831,2.832,2.787,2.8,659369.1,1850536.6137,7872.0,875820.4477
2023-01-31 00:15:00,2.8,2.849,2.8,2.837,432362.7,1222753.0714,4470.0,632125.657
2023-01-31 00:30:00,2.836,2.836,2.778,2.799,565719.7,1586359.0809,5524.0,584811.0859
2023-01-31 00:45:00,2.8,2.837,2.798,2.832,328989.5,929182.1426,3480.0,442724.5395
2023-01-31 01:00:00,2.833,2.84,2.805,2.823,326839.3,922475.58,3266.0,509298.041
2023-01-31 01:15:00,2.822,2.823,2.76,2.782,562627.4,1569091.3296,5184.0,558763.9748
2023-01-31 01:30:00,2.782,2.838,2.749,2.833,846481.2,2361912.8565,8172.0,1299372.0596
2023-01-31 01:45:00,2.832,2.906,2.832,2.866,1154622.4,3315398.6691,9422.0,1698560.2487
2023-01-31 02:00:00,2.866,2.906,2.861,2.891,621138.8,1792018.3988,5252.0,1088335.2459
2023-01-31 02:15:00,2.89,2.937,2.867,2.93,612571.2,1775287.171,5771.0,928623.7894
2023-01-31 02:30:00,2.93,2.93,2.868,2.869,468186.6,1354637.4264,4342.0,461496.9362
2023-01-31 02:45:00,2.869,2.88,2.84,2.85,348823.1,998001.2579,3534.0,347884.9827
2023-01-31 03:00:00,2.85,2.869,2.834,2.841,420577.8,1200591.4957,3668.0,606407.6512
2023-01-31 03:15:00,2.842,2.871,2.842,2.864,218250.6,623303.4814,2148.0,427063.0313
2023-01-31 03:30:00,2.861,2.88,2.81,2.818,523713.4,1489343.3359,5384.0,582493.5549
2023-01-31 03:45:00,2.818,2.835,2.804,2.826,326511.3,920781.7097,2872.0,403536.6597
2023-01-31 04:00:00,2.827,2.861,2.822,2.823,296489.4,842830.1255,3005.0,421843.5322
2023-01-31 04:15:00,2.822,2.834,2.769,2.815,632616.7,1775554.9765,6760.0,587062.9591
2023-01-31 04:30:00,2.814,2.86,2.812,2.84,308893.1,876099.4037,3836.0,550218.8161
2023-01-31 04:45:00,2.841,2.855,2.835,2.854,189826.4,540055.5226,2277.0,270464.3373
2023-01-31 05:00:00,2.854,2.868,2.842,2.864,269293.3,768719.9054,2860.0,393773.9824
2023-01-31 05:15:00,2.864,2.87,2.843,2.849,220869.2,631184.7718,2436.0,271640.0216
2023-01-31 05:30:00,2.848,2.856,2.822,2.825,227665.6,645990.335,2663.0,229481.7942
2023-01-31 05:45:00,2.824,2.83,2.763,2.775,651617.9,1822441.995,6234.0,662362.8623
2023-01-31 06:00:00,2.775,2.807,2.774,2.789,501082.3,1399255.9501,3844.0,661034.5984
2023-01-31 06:15:00,2.789,2.821,2.789,2.805,299433.0,840351.413,2881.0,491061.304
2023-01-31 06:30:00,2.804,2.829,2.796,2.827,256110.8,720606.9791,2668.0,348458.1068
2023-01-31 06:45:00,2.827,2.833,2.799,2.803,275750.3,776083.4706,2697.0,337173.6507
2023-01-31 07:00:00,2.803,2.84,2.799,2.824,271480.7,766722.0706,3385.0,375649.284
2023-01-31 07:15:00,2.824,2.831,2.803,2.819,216392.0,609126.2087,2425.0,282051.5531
2023-01-31 07:30:00,2.818,2.844,2.808,2.841,316568.7,895158.3745,3162.0,533719.8729
2023-01-31 07:45:00,2.842,2.888,2.842,2.882,624699.9,1790198.0603,5947.0,939604.1291
2023-01-31 08:00:00,2.881,2.89,2.841,2.86,458750.1,1314306.663,4206.0,469482.7173
2023-01-31 08:15:00,2.86,2.874,2.842,2.85,262184.2,749070.7335,2823.0,293075.7609
2023-01-31 08:30:00,2.851,2.851,2.774,2.79,775993.4,2182509.2088,6833.0,841621.2639
2023-01-31 08:45:00,2.791,2.794,2.747,2.787,817550.5,2266466.7094,7258.0,1178376.7379
2023-01-31 09:00:00,2.785,2.816,2.779,2.803,406326.9,1137558.6543,4108.0,636568.8312
2023-01-31 09:15:00,2.805,2.811,2.784,2.788,302383.7,845281.7404,3190.0,337639.519
2023-01-31 09:30:00,2.787,2.802,2.75,2.791,458556.8,1274530.0613,4728.0,623867.2028
2023-01-31 09:45:00,2.792,2.803,2.774,2.79,229559.8,640850.2796,2730.0,288194.5702
2023-01-31 10:00:00,2.79,2.796,2.72,2.735,791221.1,2172956.6533,8213.0,811732.6217
2023-01-31 10:15:00,2.736,2.809,2.732,2.806,578790.1,1604455.7732,6231.0,958004.9324
2023-01-31 10:30:00,2.806,2.831,2.78,2.786,733460.2,2059601.1921,6764.0,892067.4802
2023-01-31 10:45:00,2.786,2.794,2.758,2.76,447305.5,1241561.0389,4506.0,564114.9687
2023-01-31 11:00:00,2.76,2.797,2.759,2.793,361407.0,1005203.4217,3299.0,519537.0629
2023-01-31 11:15:00,2.792,2.828,2.783,2.822,388603.8,1092803.9448,4312.0,560281.2921
2023-01-31 11:30:00,2.823,2.854,2.8,2.832,511806.5,1446029.401,5414.0,732697.3279
2023-01-31 11:45:00,2.833,2.842,2.804,2.819,343214.7,968326.029,4698.0,358126.4708
2023-01-31 12:00:00,2.82,2.828,2.79,2.806,375072.7,1053454.8966,3636.0,480637.959
2023-01-31 12:15:00,2.804,2.825,2.799,2.816,218999.8,616321.3951,2788.0,340884.0916
2023-01-31 12:30:00,2.817,2.818,2.761,2.775,567587.0,1579435.369,6059.0,666456.6789
2023-01-31 12:45:00,2.773,2.784,2.761,2.773,293637.3,814659.9205,3619.0,385606.8886
2023-01-31 13:00:00,2.773,2.803,2.76,2.8,485840.5,1349806.1487,5375.0,753124.352
2023-01-31 13:15:00,2.8,2.815,2.78,2.783,474980.0,1328229.9284,5232.0,724519.1775
2023-01-31 13:30:00,2.783,2.865,2.783,2.858,881830.9,2498881.3681,8801.0,1201797.3284
2023-01-31 13:45:00,2.858,2.885,2.828,2.88,878842.0,2512062.6581,8909.0,1197483.4867
2023-01-31 14:00:00,2.88,2.898,2.841,2.858,784329.2,2249989.8974,7878.0,1039923.934
2023-01-31 14:15:00,2.859,2.9,2.842,2.856,599281.1,1719495.6287,6397.0,921252.6969
2023-01-31 14:30:00,2.856,2.902,2.856,2.886,517924.2,1491607.7199,4498.0,884829.1242
2023-01-31 14:45:00,2.885,3.068,2.873,3.06,3387942.0,10108836.8597,27905.0,6230612.9336
2023-01-31 15:00:00,3.063,3.068,2.937,2.98,2753752.1,8275913.3254,24373.0,3975032.7922
2023-01-31 15:15:00,2.98,2.98,2.921,2.95,995816.6,2937398.6946,9727.0,1295342.103
2023-01-31 15:30:00,2.949,3.049,2.94,3.04,1204127.2,3616011.6662,11212.0,2074659.1505
2023-01-31 15:45:00,3.04,3.099,2.97,3.006,2154196.8,6534499.185,20910.0,3207961.5282
2023-01-31 16:00:00,3.005,3.006,2.936,2.944,876709.3,2602166.6812,8985.0,1136469.9535
